prompt_id,topic_id
0,17
1,48
2,17
3,9
4,22
5,4
6,26
7,31
8,48
9,27
10,48
11,49
12,39
13,17
14,42
15,10
16,0
17,24
18,41
19,27
20,48
21,17
22,48
23,26
24,0
25,16
26,48
27,41
28,48
29,48
30,3
31,18
32,48
33,23
34,7
35,45
36,48
37,9
38,1
39,42
40,44
41,46
42,45
43,31
44,6
45,48
46,1
47,17
48,39
49,9
50,20
51,9
52,30
53,3
54,44
55,5
56,5
57,17
58,11
59,43
60,4
61,32
62,48
63,48
64,48
65,48
66,19
67,37
68,20
69,41
70,23
71,0
72,31
73,16
74,12
75,48
76,19
77,26
78,6
79,16
80,48
81,15
82,17
83,49
84,3
85,48
86,26
87,30
88,5
89,48
90,10
91,49
92,45
93,48
94,48
95,48
96,42
97,3
98,4
99,40
100,16
101,3
102,16
103,48
104,48
105,17
106,1
107,42
108,48
109,48
110,42
111,48
112,42
113,48
114,17
115,48
116,39
117,48
118,48
119,48
120,48
121,48
122,32
123,48
124,0
125,15
126,48
127,3
128,1
129,48
130,4
131,15
132,48
133,9
134,41
135,15
136,48
137,0
138,48
139,48
140,48
141,48
142,42
143,3
144,17
145,49
146,31
147,27
148,19
149,3
150,48
151,45
152,4
153,48
154,22
155,48
156,32
157,48
158,30
159,9
160,11
161,48
162,48
163,19
164,48
165,48
166,15
167,48
168,48
169,7
170,48
171,45
172,46
173,17
174,3
175,3
176,26
177,3
178,31
179,4
180,48
181,48
182,9
183,48
184,48
185,30
186,48
187,48
188,48
189,4
190,16
191,26
192,48
193,32
194,15
195,48
196,37
197,48
198,3
199,48
200,41
201,1
202,31
203,41
204,48
205,45
206,26
207,48
208,48
209,27
210,48
211,48
212,17
213,48
214,42
215,48
216,32
217,42
218,48
219,48
220,48
221,48
222,49
223,1
224,31
225,3
226,31
227,5
228,1
229,16
230,3
231,48
232,48
233,17
234,48
235,48
236,48
237,48
238,15
239,41
240,17
241,48
242,17
243,5
244,16
245,17
246,3
247,48
248,27
249,6
250,48
251,32
252,48
253,19
254,3
255,48
256,48
257,48
258,48
259,17
260,48
261,48
262,31
263,48
264,48
265,26
266,31
267,48
268,31
269,48
270,48
271,48
272,17
273,48
274,48
275,19
276,48
277,48
278,48
279,17
280,15
281,48
282,48
283,17
284,48
285,17
286,42
287,48
288,15
289,15
290,48
291,3
292,41
293,32
294,39
295,42
296,48
297,32
298,48
299,6
300,42
301,26
302,1
303,3
304,9
305,45
306,48
307,48
308,48
309,22
310,9
311,22
312,48
313,31
314,49
315,48
316,48
317,39
318,48
319,48
320,17
321,32
322,49
323,48
324,32
325,26
326,26
327,17
328,48
329,22
330,48
331,48
332,32
333,48
334,1
335,48
336,42
337,48
338,4
339,27
340,17
341,17
342,11
343,48
344,48
345,46
346,48
347,31
348,7
349,15
350,48
351,15
352,15
353,48
354,9
355,48
356,11
357,4
358,37
359,15
360,31
361,27
362,5
363,48
364,7
365,3
366,48
367,48
368,48
369,32
370,3
371,42
372,7
373,48
374,7
375,48
376,3
377,39
378,31
379,48
380,0
381,48
382,27
383,48
384,48
385,17
386,10
387,26
388,4
389,49
390,48
391,48
392,5
393,27
394,41
395,3
396,1
397,26
398,48
399,31
400,27
401,32
402,27
403,48
404,48
405,31
406,5
407,17
408,32
409,27
410,10
411,31
412,17
413,48
414,17
415,24
416,17
417,48
418,17
419,17
420,48
421,48
422,48
423,5
424,48
425,9
426,0
427,49
428,48
429,48
430,27
431,48
432,30
433,48
434,35
435,48
436,17
437,17
438,48
439,48
440,27
441,48
442,44
443,12
444,48
445,3
446,17
447,0
448,3
449,48
450,48
451,42
452,17
453,48
454,48
455,15
456,4
457,48
458,48
459,48
460,48
461,48
462,48
463,3
464,30
465,16
466,48
467,48
468,40
469,3
470,40
471,1
472,48
473,17
474,5
475,48
476,48
477,4
478,48
479,27
480,48
481,3
482,48
483,48
484,0
485,31
486,48
487,37
488,48
489,48
490,30
491,48
492,48
493,48
494,27
495,48
496,6
497,19
498,48
499,27
500,1
501,3
502,49
503,48
504,19
505,48
506,48
507,32
508,48
509,45
510,42
511,15
512,48
513,48
514,48
515,31
516,48
517,48
518,48
519,16
520,48
521,3
522,48
523,3
524,31
525,48
526,48
527,48
528,3
529,16
530,48
531,6
532,48
533,7
534,48
535,5
536,0
537,16
538,17
539,49
540,48
541,3
542,48
543,48
544,3
545,11
546,48
547,0
548,48
549,27
550,17
551,49
552,48
553,1
554,0
555,30
556,17
557,48
558,48
559,32
560,32
561,48
562,48
563,48
564,9
565,48
566,41
567,48
568,48
569,1
570,3
571,26
572,48
573,3
574,15
575,32
576,32
577,48
578,17
579,19
580,48
581,48
582,3
583,16
584,15
585,37
586,48
587,31
588,49
589,1
590,42
591,48
592,44
593,15
594,42
595,37
596,5
597,48
598,48
599,48
600,26
601,48
602,43
603,7
604,48
605,37
606,48
607,15
608,42
609,48
610,3
611,48
612,48
613,48
614,5
615,5
616,41
617,32
618,1
619,15
620,48
621,1
622,22
623,3
624,48
625,24
626,48
627,16
628,5
629,40
630,41
631,48
632,27
633,11
634,48
635,48
636,15
637,48
638,3
639,26
640,17
641,17
642,3
643,10
644,48
645,48
646,41
647,42
648,3
649,48
650,4
651,48
652,0
653,42
654,39
655,48
656,19
657,48
658,0
659,3
660,19
661,48
662,3
663,44
664,1
665,16
666,37
667,32
668,6
669,15
670,17
671,48
672,48
673,17
674,1
675,27
676,3
677,15
678,19
679,48
680,46
681,48
682,48
683,48
684,48
685,48
686,3
687,42
688,1
689,48
690,9
691,41
692,48
693,48
694,32
695,27
696,32
697,48
698,49
699,17
700,15
701,42
702,31
703,48
704,27
705,48
706,48
707,3
708,48
709,37
710,22
711,48
712,48
713,48
714,15
715,4
716,37
717,48
718,3
719,3
720,17
721,32
722,17
723,27
724,48
725,48
726,48
727,31
728,48
729,3
730,30
731,17
732,3
733,48
734,48
735,3
736,48
737,5
738,48
739,48
740,48
741,17
742,17
743,42
744,3
745,48
746,48
747,42
748,48
749,48
750,48
751,27
752,48
753,42
754,37
755,48
756,48
757,3
758,42
759,48
760,42
761,48
762,3
763,3
764,48
765,3
766,48
767,3
768,48
769,15
770,42
771,24
772,22
773,42
774,49
775,15
776,41
777,48
778,48
779,1
780,3
781,17
782,26
783,3
784,41
785,31
786,48
787,48
788,3
789,48
790,48
791,48
792,42
793,32
794,15
795,48
796,17
797,48
798,17
799,3
800,42
801,41
802,30
803,48
804,48
805,17
806,48
807,48
808,48
809,44
810,19
811,1
812,17
813,17
814,41
815,48
816,3
817,48
818,48
819,48
820,42
821,48
822,48
823,4
824,48
825,26
826,48
827,48
828,27
829,48
830,3
831,48
832,37
833,24
834,48
835,48
836,48
837,5
838,17
839,48
840,48
841,24
842,15
843,48
844,27
845,48
846,48
847,48
848,48
849,15
850,42
851,15
852,48
853,48
854,3
855,48
856,3
857,48
858,16
859,15
860,48
861,48
862,48
863,40
864,4
865,30
866,48
867,48
868,0
869,42
870,48
871,48
872,48
873,48
874,1
875,15
876,48
877,18
878,37
879,6
880,15
881,48
882,15
883,3
884,17
885,48
886,44
887,0
888,48
889,48
890,19
891,48
892,48
893,19
894,48
895,44
896,42
897,1
898,11
899,45
900,48
901,41
902,48
903,17
904,48
905,17
906,48
907,42
908,48
909,48
910,48
911,48
912,45
913,48
914,32
915,42
916,26
917,48
918,48
919,17
920,48
921,48
922,48
923,48
924,1
925,0
926,5
927,24
928,48
929,4
930,3
931,48
932,48
933,48
934,48
935,48
936,5
937,48
938,15
939,46
940,15
941,30
942,48
943,41
944,48
945,17
946,1
947,31
948,15
949,6
950,48
951,1
952,5
953,3
954,15
955,31
956,48
957,48
958,42
959,16
960,48
961,48
962,3
963,48
964,45
965,48
966,3
967,48
968,48
969,48
970,26
971,48
972,45
973,43
974,48
975,3
976,42
977,49
978,48
979,48
980,48
981,3
982,19
983,48
984,31
985,48
986,3
987,3
988,48
989,48
990,3
991,42
992,48
993,27
994,22
995,0
996,17
997,48
998,27
999,23
1000,48
1001,11
1002,9
1003,1
1004,15
1005,17
1006,31
1007,32
1008,48
1009,42
1010,17
1011,48
1012,42
1013,48
1014,49
1015,48
1016,48
1017,26
1018,26
1019,3
1020,41
1021,5
1022,48
1023,10
1024,19
1025,32
1026,48
1027,48
1028,17
1029,48
1030,48
1031,22
1032,5
1033,19
1034,24
1035,49
1036,48
1037,30
1038,1
1039,48
1040,30
1041,32
1042,27
1043,48
1044,4
1045,9
1046,48
1047,17
1048,9
1049,48
1050,48
1051,15
1052,42
1053,4
1054,39
1055,31
1056,5
1057,42
1058,16
1059,48
1060,3
1061,48
1062,15
1063,48
1064,48
1065,17
1066,48
1067,3
1068,10
1069,48
1070,48
1071,48
1072,48
1073,49
1074,15
1075,15
1076,43
1077,48
1078,15
1079,31
1080,15
1081,48
1082,31
1083,32
1084,17
1085,48
1086,3
1087,48
1088,48
1089,49
1090,5
1091,17
1092,42
1093,48
1094,39
1095,17
1096,41
1097,48
1098,48
1099,5
1100,31
1101,19
1102,30
1103,5
1104,17
1105,17
1106,48
1107,48
1108,44
1109,15
1110,17
1111,42
1112,37
1113,48
1114,5
1115,45
1116,48
1117,4
1118,27
1119,48
1120,17
1121,48
1122,31
1123,46
1124,0
1125,48
1126,31
1127,48
1128,5
1129,46
1130,31
1131,1
1132,48
1133,48
1134,48
1135,48
1136,42
1137,41
1138,17
1139,48
1140,42
1141,48
1142,27
1143,3
1144,48
1145,1
1146,1
1147,48
1148,42
1149,48
1150,17
1151,48
1152,42
1153,48
1154,17
1155,41
1156,31
1157,3
1158,48
1159,0
1160,27
1161,48
1162,15
1163,48
1164,48
1165,15
1166,48
1167,27
1168,17
1169,42
1170,15
1171,48
1172,27
1173,48
1174,15
1175,42
1176,48
1177,5
1178,48
1179,37
1180,48
1181,48
1182,15
1183,1
1184,48
1185,1
1186,19
1187,37
1188,48
1189,5
1190,27
1191,42
1192,37
1193,48
1194,26
1195,46
1196,17
1197,48
1198,5
1199,48
1200,48
1201,48
1202,6
1203,1
1204,48
1205,48
1206,42
1207,17
1208,48
1209,16
1210,48
1211,17
1212,48
1213,42
1214,15
1215,31
1216,42
1217,27
1218,32
1219,45
1220,27
1221,3
1222,5
1223,48
1224,48
1225,48
1226,48
1227,41
1228,3
1229,48
1230,48
1231,37
1232,3
1233,37
1234,44
1235,48
1236,48
1237,48
1238,48
1239,48
1240,48
1241,48
1242,41
1243,48
1244,0
1245,3
1246,32
1247,48
1248,5
1249,48
1250,3
1251,17
1252,41
1253,48
1254,15
1255,19
1256,43
1257,17
1258,48
1259,44
1260,48
1261,15
1262,46
1263,48
1264,48
1265,48
1266,23
1267,43
1268,43
1269,15
1270,48
1271,48
1272,15
1273,15
1274,32
1275,17
1276,15
1277,5
1278,48
1279,9
1280,27
1281,48
1282,27
1283,48
1284,4
1285,5
1286,17
1287,48
1288,17
1289,48
1290,48
1291,22
1292,48
1293,42
1294,48
1295,48
1296,17
1297,16
1298,41
1299,32
1300,48
1301,6
1302,48
1303,39
1304,48
1305,48
1306,3
1307,32
1308,48
1309,17
1310,48
1311,5
1312,48
1313,30
1314,32
1315,32
1316,17
1317,48
1318,48
1319,48
1320,37
1321,15
1322,48
1323,48
1324,5
1325,48
1326,32
1327,15
1328,15
1329,19
1330,48
1331,31
1332,3
1333,10
1334,48
1335,15
1336,3
1337,48
1338,31
1339,46
1340,48
1341,6
1342,15
1343,41
1344,3
1345,48
1346,15
1347,41
1348,4
1349,45
1350,42
1351,3
1352,48
1353,48
1354,41
1355,48
1356,26
1357,5
1358,48
1359,48
1360,48
1361,44
1362,7
1363,48
1364,48
1365,3
1366,6
1367,48
1368,48
1369,48
1370,48
1371,16
1372,48
1373,42
1374,6
1375,32
1376,26
1377,5
1378,48
1379,45
1380,48
1381,1
1382,45
1383,48
1384,48
1385,48
1386,22
1387,26
1388,48
1389,48
1390,48
1391,48
1392,48
1393,39
1394,45
1395,17
1396,3
1397,48
1398,5
1399,48
1400,26
1401,48
1402,17
1403,17
1404,48
1405,48
1406,27
1407,31
1408,3
1409,3
1410,48
1411,48
1412,42
1413,16
1414,32
1415,48
1416,48
1417,48
1418,48
1419,26
1420,48
1421,6
1422,48
1423,48
1424,48
1425,48
1426,11
1427,19
1428,1
1429,11
1430,15
1431,48
1432,48
1433,48
1434,48
1435,31
1436,11
1437,26
1438,1
1439,7
1440,17
1441,48
1442,48
1443,3
1444,27
1445,48
1446,48
1447,48
1448,19
1449,27
1450,48
1451,48
1452,48
1453,32
1454,17
1455,48
1456,3
1457,17
1458,48
1459,48
1460,48
1461,45
1462,19
1463,42
1464,48
1465,48
1466,17
1467,48
1468,48
1469,32
1470,48
1471,39
1472,48
1473,48
1474,48
1475,17
1476,15
1477,10
1478,48
1479,5
1480,6
1481,48
1482,30
1483,26
1484,48
1485,15
1486,27
1487,32
1488,42
1489,43
1490,48
1491,17
1492,48
1493,15
1494,46
1495,48
1496,48
1497,48
1498,5
1499,48
1500,15
1501,48
1502,4
1503,48
1504,5
1505,48
1506,48
1507,5
1508,17
1509,48
1510,48
1511,5
1512,42
1513,48
1514,48
1515,3
1516,4
1517,48
1518,17
1519,17
1520,48
1521,3
1522,5
1523,4
1524,3
1525,16
1526,3
1527,48
1528,3
1529,3
1530,48
1531,48
1532,17
1533,1
1534,48
1535,48
1536,3
1537,32
1538,48
1539,39
1540,48
1541,37
1542,17
1543,27
1544,48
1545,15
1546,48
1547,48
1548,48
1549,48
1550,48
1551,48
1552,17
1553,27
1554,27
1555,42
1556,11
1557,48
1558,32
1559,17
1560,49
1561,17
1562,3
1563,48
1564,37
1565,17
1566,49
1567,17
1568,9
1569,49
1570,48
1571,15
1572,0
1573,48
1574,1
1575,48
1576,0
1577,48
1578,48
1579,1
1580,9
1581,48
1582,48
1583,17
1584,15
1585,48
1586,17
1587,9
1588,48
1589,7
1590,42
1591,6
1592,17
1593,15
1594,48
1595,6
1596,4
1597,20
1598,27
1599,15
1600,30
1601,48
1602,43
1603,15
1604,48
1605,19
1606,48
1607,15
1608,48
1609,48
1610,42
1611,48
1612,31
1613,16
1614,15
1615,48
1616,48
1617,48
1618,48
1619,48
1620,48
1621,31
1622,15
1623,41
1624,27
1625,10
1626,1
1627,48
1628,39
1629,48
1630,48
1631,27
1632,41
1633,26
1634,15
1635,17
1636,17
1637,48
1638,32
1639,48
1640,32
1641,46
1642,42
1643,48
1644,48
1645,48
1646,48
1647,48
1648,32
1649,48
1650,4
1651,48
1652,3
1653,7
1654,37
1655,5
1656,17
1657,39
1658,31
1659,46
1660,48
1661,42
1662,48
1663,44
1664,48
1665,9
1666,44
1667,45
1668,48
1669,48
1670,15
1671,48
1672,3
1673,48
1674,9
1675,48
1676,31
1677,15
1678,15
1679,4
1680,27
1681,5
1682,48
1683,42
1684,45
1685,27
1686,27
1687,48
1688,48
1689,48
1690,17
1691,48
1692,3
1693,1
1694,48
1695,6
1696,42
1697,48
1698,26
1699,15
1700,48
1701,48
1702,48
1703,48
1704,48
1705,17
1706,48
1707,48
1708,1
1709,0
1710,42
1711,27
1712,15
1713,41
1714,48
1715,1
1716,42
1717,48
1718,17
1719,5
1720,15
1721,15
1722,48
1723,1
1724,37
1725,41
1726,41
1727,48
1728,30
1729,48
1730,0
1731,48
1732,48
1733,42
1734,3
1735,49
1736,42
1737,48
1738,17
1739,0
1740,48
1741,48
1742,48
1743,45
1744,41
1745,26
1746,48
1747,48
1748,48
1749,48
1750,41
1751,41
1752,37
1753,48
1754,16
1755,15
1756,48
1757,48
1758,19
1759,3
1760,31
1761,48
1762,41
1763,48
1764,16
1765,48
1766,42
1767,48
1768,6
1769,17
1770,45
1771,42
1772,27
1773,27
1774,48
1775,17
1776,19
1777,42
1778,48
1779,48
1780,3
1781,48
1782,48
1783,9
1784,48
1785,48
1786,41
1787,30
1788,48
1789,48
1790,48
1791,31
1792,42
1793,48
1794,48
1795,27
1796,3
1797,17
1798,48
1799,17
1800,48
1801,27
1802,48
1803,48
1804,42
1805,48
1806,48
1807,3
1808,22
1809,44
1810,15
1811,16
1812,27
1813,39
1814,3
1815,17
1816,3
1817,45
1818,48
1819,49
1820,4
1821,48
1822,0
1823,5
1824,48
1825,48
1826,27
1827,48
1828,27
1829,27
1830,48
1831,48
1832,48
1833,5
1834,15
1835,48
1836,48
1837,48
1838,17
1839,48
1840,31
1841,48
1842,1
1843,9
1844,48
1845,48
1846,31
1847,48
1848,42
1849,15
1850,48
1851,48
1852,48
1853,37
1854,46
1855,31
1856,48
1857,45
1858,48
1859,19
1860,15
1861,48
1862,6
1863,46
1864,27
1865,0
1866,46
1867,1
1868,48
1869,45
1870,48
1871,48
1872,48
1873,48
1874,48
1875,48
1876,3
1877,27
1878,15
1879,17
1880,19
1881,31
1882,44
1883,0
1884,41
1885,17
1886,39
1887,3
1888,48
1889,48
1890,48
1891,15
1892,48
1893,48
1894,48
1895,9
1896,48
1897,42
1898,48
1899,27
1900,42
1901,48
1902,5
1903,31
1904,48
1905,48
1906,42
1907,3
1908,0
1909,32
1910,16
1911,45
1912,1
1913,48
1914,1
1915,45
1916,17
1917,17
1918,23
1919,15
1920,48
1921,32
1922,48
1923,48
1924,48
1925,48
1926,27
1927,0
1928,41
1929,48
1930,5
1931,0
1932,48
1933,42
1934,31
1935,15
1936,48
1937,48
1938,41
1939,32
1940,48
1941,48
1942,27
1943,17
1944,3
1945,48
1946,3
1947,48
1948,3
1949,48
1950,17
1951,39
1952,27
1953,22
1954,11
1955,39
1956,17
1957,9
1958,0
1959,1
1960,17
1961,46
1962,48
1963,15
1964,27
1965,48
1966,15
1967,3
1968,7
1969,26
1970,5
1971,48
1972,22
1973,44
1974,1
1975,42
1976,17
1977,48
1978,48
1979,17
1980,46
1981,48
1982,48
1983,48
1984,22
1985,10
1986,16
1987,48
1988,17
1989,48
1990,27
1991,48
1992,48
1993,15
1994,49
1995,3
1996,49
1997,48
1998,42
1999,48
2000,16
2001,49
2002,48
2003,22
2004,9
2005,46
2006,31
2007,15
2008,48
2009,48
2010,48
2011,3
2012,10
2013,15
2014,5
2015,48
2016,17
2017,5
2018,42
2019,48
2020,3
2021,41
2022,49
2023,48
2024,48
2025,3
2026,6
2027,48
2028,27
2029,3
2030,48
2031,19
2032,41
2033,48
2034,5
2035,5
2036,48
2037,48
2038,1
2039,48
2040,48
2041,15
2042,1
2043,5
2044,31
2045,48
2046,48
2047,1
2048,48
2049,48
2050,48
2051,27
2052,49
2053,48
2054,48
2055,48
2056,6
2057,42
2058,48
2059,27
2060,42
2061,48
2062,15
2063,40
2064,48
2065,31
2066,27
2067,48
2068,48
2069,48
2070,3
2071,48
2072,48
2073,27
2074,27
2075,48
2076,9
2077,42
2078,48
2079,41
2080,9
2081,3
2082,9
2083,31
2084,3
2085,48
2086,48
2087,3
2088,39
2089,48
2090,48
2091,17
2092,15
2093,40
2094,48
2095,3
2096,48
2097,48
2098,17
2099,48
2100,48
2101,5
2102,48
2103,15
2104,6
2105,48
2106,15
2107,48
2108,27
2109,48
2110,17
2111,48
2112,31
2113,1
2114,48
2115,7
2116,48
2117,42
2118,1
2119,48
2120,48
2121,3
2122,32
2123,48
2124,48
2125,48
2126,3
2127,49
2128,5
2129,48
2130,3
2131,15
2132,48
2133,1
2134,48
2135,32
2136,6
2137,4
2138,49
2139,32
2140,9
2141,41
2142,48
2143,48
2144,17
2145,27
2146,17
2147,48
2148,17
2149,48
2150,15
2151,32
2152,48
2153,48
2154,26
2155,48
2156,48
2157,48
2158,39
2159,37
2160,3
2161,48
2162,45
2163,48
2164,48
2165,46
2166,0
2167,48
2168,46
2169,48
2170,48
2171,3
2172,48
2173,48
2174,48
2175,48
2176,6
2177,48
2178,48
2179,48
2180,48
2181,39
2182,48
2183,41
2184,7
2185,48
2186,48
2187,19
2188,31
2189,48
2190,48
2191,5
2192,48
2193,48
2194,45
2195,45
2196,48
2197,17
2198,48
2199,17
2200,49
2201,49
2202,9
2203,31
2204,48
2205,3
2206,32
2207,42
2208,7
2209,48
2210,39
2211,5
2212,48
2213,48
2214,27
2215,5
2216,39
2217,48
2218,30
2219,48
2220,3
2221,0
2222,15
2223,40
2224,31
2225,48
2226,32
2227,16
2228,15
2229,32
2230,44
2231,15
2232,42
2233,1
2234,0
2235,49
2236,48
2237,3
2238,39
2239,27
2240,49
2241,15
2242,45
2243,0
2244,48
2245,17
2246,17
2247,45
2248,15
2249,48
2250,27
2251,48
2252,42
2253,17
2254,15
2255,9
2256,19
2257,48
2258,42
2259,26
2260,48
2261,5
2262,48
2263,48
2264,3
2265,49
2266,30
2267,48
2268,3
2269,42
2270,48
2271,48
2272,48
2273,23
2274,17
2275,9
2276,17
2277,27
2278,48
2279,48
2280,1
2281,48
2282,42
2283,3
2284,15
2285,17
2286,42
2287,48
2288,45
2289,48
2290,48
2291,17
2292,48
2293,31
2294,6
2295,3
2296,5
2297,45
2298,17
2299,48
2300,0
2301,17
2302,3
2303,31
2304,44
2305,48
2306,27
2307,15
2308,48
2309,48
2310,15
2311,48
2312,17
2313,48
2314,48
2315,1
2316,48
2317,48
2318,48
2319,48
2320,3
2321,45
2322,48
2323,19
2324,42
2325,42
2326,9
2327,0
2328,16
2329,17
2330,0
2331,48
2332,49
2333,42
2334,48
2335,48
2336,6
2337,48
2338,48
2339,17
2340,3
2341,32
2342,48
2343,48
2344,6
2345,48
2346,0
2347,48
2348,15
2349,20
2350,49
2351,48
2352,48
2353,15
2354,24
2355,48
2356,48
2357,48
2358,16
2359,1
2360,32
2361,31
2362,17
2363,41
2364,31
2365,15
2366,32
2367,17
2368,16
2369,32
2370,17
2371,17
2372,26
2373,17
2374,19
2375,31
2376,5
2377,48
2378,6
2379,48
2380,15
2381,48
2382,48
2383,5
2384,48
2385,42
2386,48
2387,44
2388,42
2389,48
2390,31
2391,42
2392,48
2393,27
2394,15
2395,32
2396,15
2397,48
2398,3
2399,42
2400,15
2401,48
2402,15
2403,48
2404,48
2405,48
2406,48
2407,48
2408,19
2409,48
2410,9
2411,48
2412,48
2413,49
2414,44
2415,48
2416,48
2417,9
2418,6
2419,32
2420,48
2421,16
2422,42
2423,15
2424,17
2425,48
2426,32
2427,48
2428,45
2429,15
2430,27
2431,35
2432,7
2433,48
2434,15
2435,48
2436,17
2437,48
2438,9
2439,22
2440,17
2441,48
2442,41
2443,19
2444,48
2445,48
2446,3
2447,48
2448,48
2449,48
2450,45
2451,9
2452,48
2453,5
2454,48
2455,4
2456,45
2457,24
2458,42
2459,3
2460,48
2461,48
2462,32
2463,48
2464,10
2465,11
2466,9
2467,3
2468,39
2469,41
2470,48
2471,3
2472,48
2473,15
2474,32
2475,45
2476,49
2477,3
2478,48
2479,31
2480,15
2481,27
2482,48
2483,3
2484,48
2485,17
2486,26
2487,31
2488,31
2489,48
2490,27
2491,49
2492,48
2493,17
2494,48
2495,48
2496,48
2497,17
2498,48
2499,17
2500,3
2501,17
2502,26
2503,27
2504,48
2505,48
2506,0
2507,27
2508,48
2509,26
2510,48
2511,32
2512,17
2513,48
2514,0
2515,48
2516,15
2517,48
2518,48
2519,48
2520,5
2521,48
2522,9
2523,31
2524,31
2525,15
2526,41
2527,48
2528,37
2529,48
2530,17
2531,48
2532,19
2533,48
2534,48
2535,42
2536,17
2537,17
2538,48
2539,3
2540,10
2541,15
2542,32
2543,1
2544,48
2545,45
2546,17
2547,48
2548,48
2549,48
2550,45
2551,48
2552,39
2553,48
2554,48
2555,17
2556,42
2557,15
2558,19
2559,44
2560,46
2561,48
2562,4
2563,3
2564,32
2565,48
2566,48
2567,3
2568,48
2569,48
2570,31
2571,49
2572,48
2573,49
2574,3
2575,48
2576,48
2577,19
2578,48
2579,48
2580,22
2581,31
2582,41
2583,3
2584,48
2585,42
2586,1
2587,48
2588,16
2589,48
2590,48
2591,48
2592,15
2593,31
2594,48
2595,48
2596,48
2597,31
2598,35
2599,5
2600,44
2601,0
2602,5
2603,48
2604,48
2605,48
2606,35
2607,5
2608,3
2609,48
2610,17
2611,48
2612,3
2613,48
2614,48
2615,44
2616,48
2617,48
2618,48
2619,48
2620,3
2621,17
2622,16
2623,24
2624,48
2625,45
2626,27
2627,48
2628,37
2629,48
2630,5
2631,17
2632,48
2633,46
2634,48
2635,48
2636,27
2637,45
2638,48
2639,3
2640,4
2641,1
2642,44
2643,42
2644,48
2645,48
2646,17
2647,48
2648,48
2649,1
2650,48
2651,41
2652,31
2653,48
2654,27
2655,48
2656,48
2657,48
2658,48
2659,44
2660,41
2661,45
2662,6
2663,48
2664,3
2665,48
2666,5
2667,5
2668,48
2669,32
2670,32
2671,10
2672,17
2673,3
2674,48
2675,48
2676,0
2677,15
2678,15
2679,48
2680,17
2681,19
2682,7
2683,48
2684,48
2685,17
2686,17
2687,48
2688,31
2689,17
2690,48
2691,48
2692,27
2693,45
2694,17
2695,48
2696,9
2697,0
2698,48
2699,48
2700,17
2701,31
2702,48
2703,48
2704,48
2705,15
2706,32
2707,48
2708,17
2709,15
2710,48
2711,48
2712,44
2713,49
2714,48
2715,1
2716,48
2717,44
2718,32
2719,48
2720,4
2721,17
2722,26
2723,49
2724,48
2725,42
2726,48
2727,48
2728,32
2729,48
2730,22
2731,45
2732,15
2733,48
2734,48
2735,48
2736,48
2737,15
2738,16
2739,48
2740,48
2741,27
2742,3
2743,48
2744,44
2745,48
2746,48
2747,4
2748,48
2749,48
2750,42
2751,48
2752,48
2753,27
2754,48
2755,15
2756,48
2757,48
2758,48
2759,27
2760,30
2761,48
2762,42
2763,48
2764,48
2765,17
2766,9
2767,1
2768,48
2769,48
2770,48
2771,41
2772,48
2773,48
2774,0
2775,22
2776,31
2777,17
2778,32
2779,44
2780,48
2781,4
2782,48
2783,48
2784,3
2785,48
2786,27
2787,48
2788,48
2789,48
2790,42
2791,15
2792,45
2793,3
2794,48
2795,48
2796,48
2797,48
2798,5
2799,19
2800,44
2801,1
2802,5
2803,17
2804,1
2805,48
2806,17
2807,15
2808,48
2809,48
2810,17
2811,15
2812,3
2813,48
2814,19
2815,48
2816,1
2817,48
2818,48
2819,48
2820,17
2821,5
2822,48
2823,48
2824,48
2825,15
2826,48
2827,48
2828,48
2829,48
2830,19
2831,48
2832,48
2833,48
2834,1
2835,17
2836,4
2837,48
2838,48
2839,48
2840,5
2841,48
2842,48
2843,48
2844,15
2845,5
2846,48
2847,17
2848,48
2849,48
2850,3
2851,42
2852,48
2853,6
2854,48
2855,10
2856,48
2857,31
2858,3
2859,1
2860,17
2861,10
2862,48
2863,1
2864,11
2865,48
2866,32
2867,48
2868,48
2869,48
2870,48
2871,43
2872,48
2873,48
2874,7
2875,48
2876,37
2877,48
2878,9
2879,5
2880,4
2881,17
2882,48
2883,48
2884,48
2885,48
2886,40
2887,24
2888,48
2889,48
2890,48
2891,48
2892,48
2893,31
2894,48
2895,31
2896,3
2897,17
2898,48
2899,48
2900,39
2901,31
2902,1
2903,48
2904,10
2905,15
2906,48
2907,3
2908,48
2909,15
2910,48
2911,48
2912,24
2913,15
2914,39
2915,41
2916,46
2917,3
2918,17
2919,15
2920,48
2921,1
2922,42
2923,48
2924,15
2925,45
2926,48
2927,48
2928,42
2929,32
2930,15
2931,41
2932,1
2933,17
2934,15
2935,48
2936,48
2937,48
2938,39
2939,48
2940,48
2941,0
2942,41
2943,17
2944,15
2945,48
2946,48
2947,1
2948,48
2949,1
2950,32
2951,31
2952,48
2953,48
2954,48
2955,10
2956,44
2957,48
2958,48
2959,48
2960,1
2961,32
2962,27
2963,48
2964,48
2965,48
2966,1
2967,48
2968,46
2969,48
2970,32
2971,27
2972,37
2973,48
2974,48
2975,48
2976,44
2977,39
2978,48
2979,44
2980,48
2981,17
2982,15
2983,48
2984,48
2985,48
2986,15
2987,3
2988,48
2989,48
2990,32
2991,5
2992,48
2993,48
2994,9
2995,42
2996,15
2997,48
2998,48
2999,42
3000,48
3001,16
3002,41
3003,30
3004,48
3005,3
3006,31
3007,31
3008,9
3009,27
3010,48
3011,5
3012,48
3013,19
3014,3
3015,0
3016,48
3017,31
3018,10
3019,27
3020,48
3021,45
3022,3
3023,31
3024,48
3025,48
3026,49
3027,41
3028,48
3029,15
3030,48
3031,48
3032,19
3033,3
3034,48
3035,32
3036,48
3037,3
3038,48
3039,41
3040,32
3041,37
3042,48
3043,1
3044,22
3045,17
3046,48
3047,48
3048,15
3049,48
3050,49
3051,32
3052,17
3053,7
3054,5
3055,48
3056,48
3057,48
3058,3
3059,15
3060,32
3061,41
3062,39
3063,39
3064,48
3065,3
3066,1
3067,48
3068,48
3069,41
3070,15
3071,48
3072,48
3073,1
3074,37
3075,32
3076,6
3077,48
3078,48
3079,49
3080,27
3081,48
3082,48
3083,48
3084,15
3085,48
3086,17
3087,48
3088,27
3089,27
3090,48
3091,3
3092,48
3093,15
3094,19
3095,48
3096,35
3097,48
3098,16
3099,17
3100,48
3101,3
3102,3
3103,0
3104,48
3105,48
3106,7
3107,6
3108,17
3109,31
3110,18
3111,17
3112,48
3113,48
3114,4
3115,15
3116,0
3117,9
3118,48
3119,3
3120,48
3121,15
3122,48
3123,48
3124,48
3125,48
3126,48
3127,45
3128,15
3129,48
3130,15
3131,48
3132,17
3133,15
3134,32
3135,48
3136,48
3137,9
3138,15
3139,3
3140,22
3141,48
3142,48
3143,48
3144,27
3145,48
3146,17
3147,48
3148,48
3149,3
3150,48
3151,48
3152,48
3153,3
3154,48
3155,45
3156,48
3157,27
3158,1
3159,19
3160,9
3161,48
3162,48
3163,48
3164,9
3165,1
3166,48
3167,45
3168,27
3169,5
3170,48
3171,48
3172,17
3173,48
3174,48
3175,48
3176,22
3177,15
3178,48
3179,48
3180,42
3181,17
3182,27
3183,39
3184,3
3185,15
3186,48
3187,0
3188,48
3189,32
3190,19
3191,48
3192,32
3193,48
3194,48
3195,48
3196,9
3197,42
3198,6
3199,48
3200,48
3201,3
3202,48
3203,0
3204,48
3205,48
3206,24
3207,46
3208,17
3209,9
3210,3
3211,48
3212,1
3213,1
3214,48
3215,27
3216,48
3217,15
3218,48
3219,48
3220,48
3221,9
3222,27
3223,48
3224,17
3225,48
3226,6
3227,31
3228,17
3229,48
3230,48
3231,48
3232,9
3233,48
3234,48
3235,42
3236,19
3237,5
3238,48
3239,48
3240,19
3241,31
3242,48
3243,48
3244,17
3245,15
3246,3
3247,1
3248,15
3249,5
3250,30
3251,48
3252,42
3253,22
3254,48
3255,49
3256,48
3257,48
3258,48
3259,48
3260,48
3261,48
3262,19
3263,15
3264,41
3265,27
3266,42
3267,48
3268,48
3269,31
3270,1
3271,48
3272,48
3273,19
3274,27
3275,5
3276,31
3277,48
3278,32
3279,42
3280,48
3281,27
3282,22
3283,31
3284,31
3285,44
3286,48
3287,26
3288,48
3289,48
3290,48
3291,48
3292,17
3293,19
3294,42
3295,48
3296,32
3297,16
3298,48
3299,48
3300,48
3301,41
3302,45
3303,17
3304,42
3305,48
3306,48
3307,48
3308,1
3309,40
3310,15
3311,48
3312,48
3313,48
3314,26
3315,48
3316,48
3317,3
3318,6
3319,22
3320,17
3321,48
3322,48
3323,3
3324,48
3325,19
3326,1
3327,48
3328,1
3329,48
3330,3
3331,32
3332,48
3333,42
3334,3
3335,48
3336,48
3337,4
3338,48
3339,48
3340,32
3341,48
3342,48
3343,48
3344,32
3345,17
3346,0
3347,48
3348,5
3349,48
3350,0
3351,1
3352,44
3353,31
3354,42
3355,7
3356,19
3357,17
3358,45
3359,48
3360,48
3361,16
3362,31
3363,48
3364,48
3365,48
3366,11
3367,48
3368,1
3369,19
3370,48
3371,31
3372,48
3373,41
3374,17
3375,3
3376,27
3377,1
3378,15
3379,26
3380,44
3381,3
3382,5
3383,48
3384,48
3385,37
3386,32
3387,17
3388,3
3389,48
3390,0
3391,48
3392,48
3393,48
3394,42
3395,3
3396,15
3397,17
3398,42
3399,5
3400,4
3401,48
3402,15
3403,48
3404,42
3405,17
3406,48
3407,48
3408,31
3409,48
3410,41
3411,48
3412,17
3413,41
3414,48
3415,27
3416,32
3417,48
3418,3
3419,30
3420,48
3421,17
3422,42
3423,48
3424,48
3425,43
3426,27
3427,15
3428,48
3429,0
3430,3
3431,42
3432,48
3433,48
3434,48
3435,15
3436,48
3437,9
3438,48
3439,17
3440,3
3441,48
3442,48
3443,48
3444,48
3445,48
3446,3
3447,17
3448,42
3449,48
3450,48
3451,48
3452,48
3453,17
3454,3
3455,48
3456,6
3457,48
3458,0
3459,49
3460,48
3461,45
3462,31
3463,48
3464,48
3465,48
3466,48
3467,48
3468,32
3469,27
3470,15
3471,48
3472,16
3473,17
3474,15
3475,48
3476,44
3477,5
3478,48
3479,49
3480,3
3481,48
3482,42
3483,22
3484,48
3485,48
3486,48
3487,15
3488,45
3489,40
3490,48
3491,15
3492,48
3493,48
3494,48
3495,48
3496,48
3497,0
3498,48
3499,17
3500,27
3501,3
3502,5
3503,48
3504,48
3505,42
3506,42
3507,48
3508,48
3509,48
3510,49
3511,48
3512,48
3513,6
3514,45
3515,48
3516,48
3517,48
3518,26
3519,3
3520,0
3521,42
3522,48
3523,45
3524,15
3525,32
3526,48
3527,48
3528,3
3529,48
3530,48
3531,42
3532,19
3533,48
3534,31
3535,17
3536,48
3537,48
3538,15
3539,48
3540,48
3541,42
3542,48
3543,48
3544,48
3545,48
3546,1
3547,30
3548,32
3549,48
3550,16
3551,48
3552,16
3553,48
3554,17
3555,32
3556,1
3557,3
3558,6
3559,48
3560,48
3561,48
3562,45
3563,15
3564,49
3565,44
3566,48
3567,17
3568,49
3569,48
3570,31
3571,19
3572,17
3573,26
3574,48
3575,11
3576,31
3577,17
3578,48
3579,17
3580,0
3581,48
3582,45
3583,27
3584,4
3585,48
3586,48
3587,44
3588,5
3589,48
3590,48
3591,48
3592,48
3593,19
3594,27
3595,48
3596,27
3597,3
3598,0
3599,48
3600,48
3601,48
3602,26
3603,1
3604,48
3605,3
3606,48
3607,48
3608,19
3609,48
3610,5
3611,5
3612,5
3613,17
3614,27
3615,48
3616,3
3617,27
3618,48
3619,26
3620,48
3621,42
3622,48
3623,48
3624,3
3625,23
3626,16
3627,48
3628,48
3629,48
3630,42
3631,48
3632,3
3633,39
3634,26
3635,3
3636,0
3637,7
3638,1
3639,48
3640,48
3641,1
3642,41
3643,32
3644,41
3645,17
3646,0
3647,48
3648,32
3649,32
3650,17
3651,1
3652,17
3653,48
3654,0
3655,48
3656,48
3657,4
3658,32
3659,27
3660,41
3661,48
3662,19
3663,44
3664,48
3665,48
3666,24
3667,41
3668,42
3669,48
3670,42
3671,22
3672,17
3673,0
3674,6
3675,41
3676,48
3677,19
3678,48
3679,48
3680,41
3681,48
3682,48
3683,48
3684,48
3685,48
3686,31
3687,48
3688,48
3689,48
3690,17
3691,48
3692,5
3693,3
3694,5
3695,48
3696,3
3697,48
3698,48
3699,48
3700,48
3701,37
3702,48
3703,15
3704,3
3705,19
3706,48
3707,48
3708,48
3709,48
3710,3
3711,16
3712,4
3713,48
3714,49
3715,48
3716,48
3717,48
3718,6
3719,49
3720,48
3721,17
3722,41
3723,26
3724,48
3725,0
3726,48
3727,45
3728,48
3729,3
3730,48
3731,17
3732,3
3733,48
3734,48
3735,31
3736,48
3737,48
3738,48
3739,16
3740,17
3741,42
3742,48
3743,48
3744,45
3745,48
3746,42
3747,43
3748,42
3749,48
3750,17
3751,27
3752,48
3753,45
3754,32
3755,5
3756,1
3757,46
3758,40
3759,48
3760,5
3761,49
3762,17
3763,24
3764,48
3765,45
3766,27
3767,48
3768,48
3769,49
3770,41
3771,48
3772,1
3773,15
3774,32
3775,48
3776,48
3777,3
3778,48
3779,31
3780,5
3781,48
3782,48
3783,27
3784,48
3785,6
3786,3
3787,3
3788,48
3789,48
3790,15
3791,45
3792,27
3793,15
3794,15
3795,48
3796,0
3797,48
3798,48
3799,48
3800,37
3801,15
3802,42
3803,31
3804,17
3805,48
3806,15
3807,32
3808,32
3809,45
3810,48
3811,19
3812,9
3813,3
3814,48
3815,5
3816,27
3817,31
3818,22
3819,49
3820,48
3821,48
3822,15
3823,17
3824,48
3825,48
3826,5
3827,48
3828,27
3829,17
3830,1
3831,9
3832,15
3833,6
3834,9
3835,32
3836,48
3837,48
3838,41
3839,22
3840,15
3841,3
3842,44
3843,42
3844,17
3845,48
3846,32
3847,43
3848,48
3849,48
3850,48
3851,48
3852,3
3853,49
3854,49
3855,48
3856,27
3857,48
3858,5
3859,48
3860,48
3861,27
3862,0
3863,27
3864,9
3865,16
3866,15
3867,42
3868,1
3869,48
3870,1
3871,48
3872,48
3873,48
3874,48
3875,48
3876,42
3877,48
3878,48
3879,48
3880,48
3881,22
3882,48
3883,5
3884,48
3885,48
3886,48
3887,0
3888,48
3889,42
3890,22
3891,48
3892,48
3893,24
3894,17
3895,48
3896,27
3897,48
3898,48
3899,31
3900,48
3901,19
3902,48
3903,17
3904,15
3905,48
3906,27
3907,42
3908,48
3909,31
3910,48
3911,48
3912,31
3913,48
3914,39
3915,9
3916,42
3917,9
3918,48
3919,3
3920,17
3921,48
3922,15
3923,48
3924,27
3925,15
3926,48
3927,48
3928,16
3929,46
3930,48
3931,48
3932,48
3933,48
3934,44
3935,48
3936,48
3937,17
3938,7
3939,48
3940,48
3941,48
3942,7
3943,1
3944,27
3945,9
3946,17
3947,48
3948,17
3949,48
3950,4
3951,27
3952,31
3953,32
3954,32
3955,48
3956,41
3957,48
3958,48
3959,48
3960,49
3961,31
3962,48
3963,48
3964,27
3965,4
3966,49
3967,48
3968,3
3969,6
3970,48
3971,41
3972,48
3973,7
3974,3
3975,3
3976,3
3977,19
3978,41
3979,48
3980,42
3981,16
3982,7
3983,17
3984,3
3985,48
3986,48
3987,3
3988,1
3989,27
3990,48
3991,5
3992,48
3993,32
3994,48
3995,3
3996,15
3997,48
3998,48
3999,48
4000,48
4001,32
4002,17
4003,37
4004,26
4005,48
4006,1
4007,32
4008,48
4009,3
4010,16
4011,48
4012,42
4013,48
4014,32
4015,48
4016,19
4017,17
4018,48
4019,48
4020,48
4021,48
4022,48
4023,17
4024,0
4025,48
4026,27
4027,23
4028,15
4029,48
4030,48
4031,48
4032,48
4033,6
4034,48
4035,5
4036,32
4037,1
4038,48
4039,39
4040,49
4041,48
4042,4
4043,48
4044,15
4045,5
4046,5
4047,45
4048,42
4049,3
4050,48
4051,42
4052,39
4053,49
4054,15
4055,27
4056,48
4057,5
4058,48
4059,49
4060,19
4061,48
4062,44
4063,48
4064,17
4065,7
4066,1
4067,16
4068,42
4069,48
4070,22
4071,27
4072,48
4073,48
4074,9
4075,3
4076,27
4077,16
4078,17
4079,15
4080,17
4081,17
4082,48
4083,41
4084,3
4085,48
4086,41
4087,48
4088,46
4089,41
4090,48
4091,15
4092,48
4093,5
4094,48
4095,48
4096,27
4097,15
4098,17
4099,42
4100,9
4101,48
4102,48
4103,17
4104,48
4105,3
4106,42
4107,48
4108,17
4109,27
4110,48
4111,48
4112,15
4113,1
4114,1
4115,48
4116,48
4117,48
4118,44
4119,31
4120,48
4121,48
4122,48
4123,49
4124,48
4125,48
4126,31
4127,39
4128,41
4129,48
4130,48
4131,15
4132,48
4133,44
4134,48
4135,15
4136,17
4137,16
4138,48
4139,48
4140,17
4141,15
4142,45
4143,48
4144,48
4145,48
4146,3
4147,48
4148,48
4149,48
4150,0
4151,31
4152,48
4153,48
4154,3
4155,48
4156,48
4157,48
4158,27
4159,48
4160,17
4161,48
4162,42
4163,48
4164,48
4165,17
4166,17
4167,3
4168,48
4169,48
4170,9
4171,48
4172,17
4173,48
4174,32
4175,48
4176,15
4177,17
4178,31
4179,32
4180,48
4181,48
4182,48
4183,4
4184,48
4185,42
4186,48
4187,24
4188,41
4189,48
4190,48
4191,19
4192,48
4193,43
4194,48
4195,27
4196,9
4197,48
4198,48
4199,41
4200,48
4201,48
4202,17
4203,19
4204,15
4205,48
4206,15
4207,48
4208,3
4209,32
4210,42
4211,16
4212,48
4213,45
4214,48
4215,48
4216,48
4217,49
4218,15
4219,41
4220,42
4221,42
4222,32
4223,19
4224,17
4225,48
4226,42
4227,48
4228,48
4229,17
4230,48
4231,48
4232,48
4233,48
4234,3
4235,9
4236,48
4237,41
4238,48
4239,48
4240,7
4241,48
4242,27
4243,48
4244,48
4245,42
4246,3
4247,17
4248,44
4249,15
4250,42
4251,3
4252,48
4253,48
4254,48
4255,48
4256,19
4257,5
4258,11
4259,32
4260,48
4261,12
4262,48
4263,4
4264,48
4265,17
4266,48
4267,3
4268,48
4269,6
4270,26
4271,3
4272,48
4273,27
4274,15
4275,48
4276,27
4277,42
4278,27
4279,15
4280,17
4281,42
4282,1
4283,15
4284,15
4285,48
4286,27
4287,41
4288,48
4289,3
4290,3
4291,42
4292,5
4293,44
4294,48
4295,6
4296,3
4297,5
4298,0
4299,17
4300,17
4301,3
4302,42
4303,42
4304,48
4305,48
4306,48
4307,15
4308,0
4309,48
4310,15
4311,19
4312,39
4313,26
4314,3
4315,41
4316,17
4317,48
4318,3
4319,3
4320,19
4321,6
4322,48
4323,48
4324,22
4325,42
4326,6
4327,9
4328,3
4329,0
4330,17
4331,1
4332,41
4333,16
4334,42
4335,48
4336,48
4337,48
4338,4
4339,32
4340,17
4341,48
4342,46
4343,48
4344,15
4345,48
4346,48
4347,48
4348,42
4349,48
4350,3
4351,48
4352,48
4353,15
4354,48
4355,48
4356,48
4357,7
4358,3
4359,48
4360,41
4361,0
4362,48
4363,48
4364,15
4365,15
4366,45
4367,42
4368,3
4369,48
4370,5
4371,15
4372,32
4373,48
4374,3
4375,19
4376,19
4377,48
4378,48
4379,15
4380,17
4381,40
4382,3
4383,48
4384,3
4385,24
4386,42
4387,9
4388,0
4389,45
4390,19
4391,42
4392,48
4393,6
4394,9
4395,31
4396,48
4397,5
4398,48
4399,41
4400,15
4401,45
4402,42
4403,0
4404,48
4405,48
4406,9
4407,48
4408,48
4409,1
4410,37
4411,0
4412,48
4413,48
4414,31
4415,48
4416,17
4417,6
4418,48
4419,32
4420,48
4421,17
4422,42
4423,7
4424,1
4425,48
4426,3
4427,15
4428,22
4429,45
4430,9
4431,48
4432,48
4433,3
4434,44
4435,3
4436,17
4437,48
4438,48
4439,48
4440,48
4441,15
4442,48
4443,27
4444,4
4445,48
4446,17
4447,48
4448,32
4449,24
4450,30
4451,48
4452,5
4453,42
4454,27
4455,48
4456,48
4457,48
4458,32
4459,17
4460,48
4461,48
4462,17
4463,48
4464,32
4465,43
4466,46
4467,48
4468,27
4469,5
4470,48
4471,48
4472,45
4473,3
4474,26
4475,48
4476,48
4477,6
4478,48
4479,48
4480,5
4481,48
4482,15
4483,48
4484,3
4485,48
4486,48
4487,48
4488,48
4489,48
4490,24
4491,48
4492,48
4493,48
4494,3
4495,17
4496,48
4497,5
4498,3
4499,17
4500,27
4501,17
4502,48
4503,19
4504,48
4505,48
4506,48
4507,48
4508,27
4509,48
4510,48
4511,48
4512,15
4513,3
4514,17
4515,48
4516,48
4517,48
4518,48
4519,17
4520,48
4521,37
4522,48
4523,32
4524,48
4525,48
4526,31
4527,48
4528,27
4529,45
4530,42
4531,27
4532,30
4533,15
4534,41
4535,16
4536,5
4537,48
4538,48
4539,48
4540,48
4541,48
4542,27
4543,48
4544,45
4545,44
4546,15
4547,48
4548,48
4549,48
4550,27
4551,3
4552,48
4553,46
4554,9
4555,48
4556,4
4557,6
4558,0
4559,48
4560,48
4561,4
4562,17
4563,3
4564,24
4565,5
4566,46
4567,15
4568,48
4569,17
4570,3
4571,48
4572,45
4573,48
4574,3
4575,3
4576,27
4577,19
4578,15
4579,48
4580,48
4581,48
4582,1
4583,15
4584,48
4585,17
4586,3
4587,17
4588,41
4589,40
4590,5
4591,49
4592,1
4593,48
4594,3
4595,27
4596,48
4597,48
4598,48
4599,48
4600,48
4601,32
4602,48
4603,48
4604,1
4605,48
4606,49
4607,49
4608,3
4609,32
4610,3
4611,31
4612,27
4613,48
4614,48
4615,48
4616,27
4617,48
4618,48
4619,48
4620,48
4621,48
4622,3
4623,48
4624,48
4625,16
4626,4
4627,31
4628,31
4629,17
4630,48
4631,48
4632,16
4633,41
4634,48
4635,48
4636,48
4637,5
4638,44
4639,48
4640,49
4641,16
4642,41
4643,5
4644,48
4645,44
4646,24
4647,48
4648,1
4649,48
4650,0
4651,17
4652,45
4653,3
4654,46
4655,42
4656,48
4657,27
4658,7
4659,5
4660,17
4661,27
4662,48
4663,48
4664,48
4665,17
4666,17
4667,42
4668,3
4669,27
4670,3
4671,26
4672,48
4673,44
4674,15
4675,48
4676,48
4677,27
4678,48
4679,48
4680,48
4681,9
4682,48
4683,0
4684,15
4685,48
4686,48
4687,48
4688,48
4689,48
4690,22
4691,6
4692,48
4693,39
4694,48
4695,16
4696,48
4697,31
4698,17
4699,27
4700,31
4701,6
4702,48
4703,1
4704,19
4705,48
4706,1
4707,3
4708,48
4709,22
4710,22
4711,22
4712,45
4713,48
4714,48
4715,48
4716,48
4717,48
4718,17
4719,15
4720,49
4721,48
4722,48
4723,48
4724,48
4725,7
4726,31
4727,41
4728,48
4729,15
4730,48
4731,0
4732,48
4733,42
4734,3
4735,48
4736,48
4737,15
4738,42
4739,48
4740,48
4741,27
4742,48
4743,42
4744,48
4745,48
4746,49
4747,5
4748,48
4749,15
4750,48
4751,32
4752,41
4753,48
4754,19
4755,3
4756,24
4757,3
4758,31
4759,7
4760,48
4761,48
4762,17
4763,32
4764,42
4765,17
4766,15
4767,48
4768,42
4769,44
4770,48
4771,41
4772,17
4773,48
4774,48
4775,49
4776,48
4777,48
4778,3
4779,48
4780,48
4781,44
4782,11
4783,3
4784,9
4785,31
4786,31
4787,48
4788,48
4789,3
4790,48
4791,15
4792,17
4793,4
4794,48
4795,42
4796,3
4797,27
4798,15
4799,39
4800,3
4801,4
4802,37
4803,48
4804,48
4805,48
4806,48
4807,19
4808,48
4809,42
4810,20
4811,48
4812,49
4813,48
4814,48
4815,48
4816,48
4817,45
4818,0
4819,17
4820,49
4821,48
4822,15
4823,27
4824,3
4825,41
4826,17
4827,48
4828,17
4829,48
4830,5
4831,48
4832,16
4833,17
4834,42
4835,17
4836,48
4837,31
4838,3
4839,15
4840,48
4841,48
4842,5
4843,48
4844,19
4845,45
4846,5
4847,48
4848,3
4849,41
4850,48
4851,45
4852,17
4853,48
4854,48
4855,9
4856,26
4857,37
4858,3
4859,42
4860,42
4861,15
4862,48
4863,48
4864,48
4865,4
4866,48
4867,31
4868,48
4869,48
4870,45
4871,4
4872,23
4873,48
4874,48
4875,17
4876,46
4877,48
4878,39
4879,48
4880,44
4881,48
4882,48
4883,48
4884,48
4885,48
4886,27
4887,48
4888,0
4889,41
4890,48
4891,15
4892,17
4893,32
4894,18
4895,3
4896,3
4897,17
4898,9
4899,17
4900,3
4901,42
4902,16
4903,48
4904,32
4905,17
4906,19
4907,48
4908,48
4909,3
4910,35
4911,17
4912,48
4913,3
4914,32
4915,48
4916,32
4917,41
4918,48
4919,48
4920,31
4921,24
4922,44
4923,17
4924,27
4925,48
4926,17
4927,17
4928,49
4929,4
4930,3
4931,44
4932,48
4933,48
4934,17
4935,48
4936,32
4937,1
4938,48
4939,48
4940,48
4941,48
4942,3
4943,48
4944,48
4945,17
4946,24
4947,1
4948,17
4949,17
4950,3
4951,48
4952,48
4953,46
4954,48
4955,32
4956,48
4957,6
4958,48
4959,39
4960,31
4961,9
4962,48
4963,49
4964,0
4965,48
4966,48
4967,27
4968,41
4969,48
4970,48
4971,15
4972,3
4973,48
4974,48
4975,17
4976,3
4977,23
4978,4
4979,37
4980,15
4981,43
4982,17
4983,3
4984,48
4985,5
4986,48
4987,7
4988,41
4989,48
4990,48
4991,48
4992,31
4993,1
4994,48
4995,22
4996,48
4997,41
4998,48
4999,48
5000,19
5001,15
5002,16
5003,3
5004,27
5005,48
5006,48
5007,48
5008,3
5009,48
5010,48
5011,5
5012,48
5013,32
5014,42
5015,19
5016,16
5017,5
5018,48
5019,48
5020,17
5021,27
5022,48
5023,19
5024,17
5025,48
5026,27
5027,48
5028,3
5029,9
5030,17
5031,31
5032,48
5033,1
5034,48
5035,48
5036,39
5037,48
5038,32
5039,45
5040,48
5041,17
5042,48
5043,16
5044,3
5045,11
5046,48
5047,48
5048,32
5049,26
5050,48
5051,48
5052,37
5053,48
5054,48
5055,48
5056,45
5057,1
5058,48
5059,48
5060,48
5061,48
5062,48
5063,46
5064,48
5065,1
5066,49
5067,7
5068,32
5069,27
5070,48
5071,16
5072,48
5073,3
5074,48
5075,49
5076,48
5077,19
5078,15
5079,3
5080,41
5081,31
5082,26
5083,48
5084,48
5085,32
5086,31
5087,48
5088,48
5089,48
5090,3
5091,48
5092,27
5093,48
5094,40
5095,42
5096,17
5097,48
5098,23
5099,42
5100,48
5101,48
5102,48
5103,48
5104,48
5105,17
5106,17
5107,4
5108,48
5109,48
5110,5
5111,6
5112,41
5113,15
5114,46
5115,15
5116,48
5117,24
5118,48
5119,44
5120,48
5121,48
5122,48
5123,48
5124,41
5125,48
5126,9
5127,48
5128,41
5129,17
5130,17
5131,30
5132,42
5133,48
5134,45
5135,0
5136,39
5137,26
5138,17
5139,17
5140,24
5141,48
5142,9
5143,48
5144,48
5145,0
5146,17
5147,3
5148,48
5149,18
5150,0
5151,48
5152,48
5153,48
5154,48
5155,19
5156,16
5157,0
5158,45
5159,32
5160,48
5161,1
5162,48
5163,48
5164,48
5165,49
5166,5
5167,17
5168,48
5169,31
5170,39
5171,42
5172,44
5173,17
5174,4
5175,31
5176,31
5177,17
5178,48
5179,48
5180,48
5181,45
5182,42
5183,48
5184,48
5185,17
5186,48
5187,3
5188,3
5189,17
5190,48
5191,30
5192,0
5193,48
5194,27
5195,27
5196,48
5197,48
5198,31
5199,48
5200,3
5201,48
5202,46
5203,48
5204,17
5205,48
5206,31
5207,18
5208,7
5209,17
5210,48
5211,5
5212,26
5213,26
5214,48
5215,48
5216,42
5217,5
5218,7
5219,48
5220,48
5221,48
5222,48
5223,31
5224,48
5225,17
5226,32
5227,48
5228,48
5229,17
5230,32
5231,32
5232,42
5233,39
5234,48
5235,42
5236,48
5237,27
5238,48
5239,17
5240,48
5241,48
5242,17
5243,17
5244,15
5245,46
5246,17
5247,17
5248,17
5249,48
5250,48
5251,44
5252,48
5253,48
5254,19
5255,48
5256,4
5257,48
5258,15
5259,27
5260,48
5261,48
5262,1
5263,1
5264,27
5265,48
5266,46
5267,49
5268,15
5269,42
5270,48
5271,48
5272,48
5273,32
5274,48
5275,48
5276,48
5277,26
5278,48
5279,42
5280,16
5281,5
5282,45
5283,17
5284,17
5285,48
5286,48
5287,48
5288,32
5289,48
5290,48
5291,48
5292,48
5293,48
5294,48
5295,3
5296,48
5297,48
5298,48
5299,42
5300,48
5301,48
5302,27
5303,48
5304,27
5305,4
5306,48
5307,48
5308,41
5309,48
5310,27
5311,48
5312,48
5313,3
5314,49
5315,3
5316,48
5317,31
5318,48
5319,0
5320,48
5321,48
5322,23
5323,17
5324,3
5325,3
5326,3
5327,27
5328,48
5329,3
5330,15
5331,17
5332,19
5333,42
5334,32
5335,17
5336,5
5337,15
5338,5
5339,48
5340,48
5341,15
5342,48
5343,3
5344,48
5345,3
5346,27
5347,10
5348,3
5349,48
5350,19
5351,15
5352,48
5353,27
5354,6
5355,48
5356,48
5357,15
5358,26
5359,27
5360,3
5361,48
5362,48
5363,48
5364,5
5365,26
5366,48
5367,48
5368,48
5369,9
5370,48
5371,48
5372,48
5373,39
5374,19
5375,48
5376,42
5377,31
5378,48
5379,48
5380,32
5381,17
5382,48
5383,48
5384,17
5385,26
5386,17
5387,3
5388,31
5389,17
5390,41
5391,41
5392,3
5393,15
5394,3
5395,16
5396,48
5397,46
5398,45
5399,41
5400,27
5401,23
5402,3
5403,42
5404,48
5405,31
5406,31
5407,17
5408,15
5409,48
5410,48
5411,15
5412,48
5413,42
5414,41
5415,0
5416,3
5417,49
5418,48
5419,19
5420,15
5421,5
5422,31
5423,22
5424,41
5425,37
5426,48
5427,3
5428,48
5429,48
5430,43
5431,45
5432,11
5433,3
5434,48
5435,3
5436,30
5437,3
5438,48
5439,41
5440,30
5441,48
5442,5
5443,48
5444,17
5445,48
5446,15
5447,41
5448,27
5449,31
5450,15
5451,6
5452,0
5453,1
5454,31
5455,15
5456,17
5457,42
5458,32
5459,3
5460,16
5461,48
5462,48
5463,30
5464,48
5465,48
5466,17
5467,48
5468,48
5469,48
5470,48
5471,48
5472,9
5473,15
5474,37
5475,3
5476,6
5477,41
5478,32
5479,48
5480,48
5481,37
5482,48
5483,48
5484,15
5485,48
5486,17
5487,5
5488,1
5489,31
5490,19
5491,48
5492,3
5493,48
5494,48
5495,17
5496,42
5497,48
5498,48
5499,48
5500,48
5501,49
5502,48
5503,48
5504,3
5505,41
5506,17
5507,41
5508,3
5509,24
5510,1
5511,17
5512,48
5513,16
5514,48
5515,10
5516,48
5517,3
5518,48
5519,48
5520,48
5521,17
5522,48
5523,41
5524,1
5525,48
5526,16
5527,5
5528,15
5529,42
5530,26
5531,27
5532,48
5533,41
5534,48
5535,48
5536,24
5537,17
5538,42
5539,1
5540,32
5541,6
5542,4
5543,26
5544,48
5545,48
5546,45
5547,27
5548,48
5549,17
5550,32
5551,15
5552,37
5553,32
5554,32
5555,32
5556,43
5557,15
5558,27
5559,27
5560,17
5561,48
5562,48
5563,48
5564,42
5565,41
5566,48
5567,48
5568,1
5569,17
5570,42
5571,48
5572,48
5573,26
5574,48
5575,16
5576,48
5577,48
5578,48
5579,24
5580,19
5581,17
5582,48
5583,48
5584,10
5585,48
5586,40
5587,27
5588,48
5589,48
5590,5
5591,48
5592,48
5593,30
5594,3
5595,15
5596,49
5597,3
5598,32
5599,6
5600,32
5601,46
5602,7
5603,41
5604,32
5605,48
5606,48
5607,19
5608,48
5609,49
5610,48
5611,48
5612,48
5613,5
5614,48
5615,15
5616,48
5617,15
5618,3
5619,48
5620,4
5621,48
5622,27
5623,48
5624,1
5625,48
5626,3
5627,15
5628,42
5629,48
5630,15
5631,5
5632,5
5633,42
5634,39
5635,22
5636,45
5637,17
5638,3
5639,48
5640,48
5641,3
5642,1
5643,19
5644,42
5645,19
5646,44
5647,45
5648,48
5649,5
5650,48
5651,39
5652,6
5653,15
5654,15
5655,44
5656,48
5657,48
5658,48
5659,48
5660,48
5661,16
5662,42
5663,1
5664,5
5665,48
5666,15
5667,46
5668,10
5669,49
5670,41
5671,48
5672,48
5673,0
5674,41
5675,48
5676,3
5677,27
5678,42
5679,48
5680,48
5681,3
5682,48
5683,3
5684,26
5685,41
5686,48
5687,42
5688,1
5689,48
5690,48
5691,48
5692,41
5693,17
5694,17
5695,48
5696,48
5697,3
5698,3
5699,48
5700,48
5701,48
5702,48
5703,48
5704,27
5705,45
5706,1
5707,48
5708,48
5709,16
5710,15
5711,30
5712,22
5713,48
5714,48
5715,48
5716,48
5717,24
5718,3
5719,31
5720,48
5721,5
5722,48
5723,24
5724,42
5725,48
5726,48
5727,48
5728,24
5729,17
5730,19
5731,45
5732,3
5733,5
5734,4
5735,32
5736,9
5737,48
5738,48
5739,48
5740,48
5741,48
5742,48
5743,6
5744,32
5745,48
5746,46
5747,6
5748,32
5749,48
5750,48
5751,48
5752,7
5753,48
5754,26
5755,48
5756,48
5757,17
5758,48
5759,48
5760,1
5761,9
5762,48
5763,5
5764,16
5765,39
5766,48
5767,48
5768,48
5769,48
5770,48
5771,48
5772,7
5773,48
5774,48
5775,48
5776,41
5777,48
5778,48
5779,48
5780,16
5781,17
5782,48
5783,16
5784,48
5785,19
5786,1
5787,48
5788,32
5789,48
5790,48
5791,3
5792,48
5793,1
5794,48
5795,48
5796,1
5797,24
5798,48
5799,45
5800,17
5801,48
5802,48
5803,4
5804,37
5805,48
5806,48
5807,48
5808,48
5809,48
5810,5
5811,5
5812,3
5813,27
5814,41
5815,3
5816,49
5817,42
5818,48
5819,48
5820,48
5821,48
5822,48
5823,48
5824,48
5825,3
5826,19
5827,17
5828,48
5829,46
5830,48
5831,3
5832,48
5833,27
5834,48
5835,48
5836,48
5837,48
5838,48
5839,48
5840,48
5841,27
5842,3
5843,26
5844,30
5845,15
5846,48
5847,48
5848,48
5849,48
5850,3
5851,48
5852,15
5853,4
5854,42
5855,48
5856,48
5857,48
5858,17
5859,48
5860,48
5861,48
5862,41
5863,3
5864,45
5865,48
5866,3
5867,48
5868,27
5869,27
5870,48
5871,42
5872,45
5873,48
5874,0
5875,32
5876,3
5877,48
5878,48
5879,48
5880,31
5881,15
5882,17
5883,48
5884,41
5885,41
5886,49
5887,17
5888,48
5889,48
5890,32
5891,37
5892,26
5893,41
5894,42
5895,15
5896,48
5897,48
5898,3
5899,48
5900,48
5901,32
5902,27
5903,27
5904,48
5905,3
5906,49
5907,31
5908,48
5909,48
5910,27
5911,31
5912,15
5913,48
5914,15
5915,48
5916,48
5917,48
5918,48
5919,26
5920,48
5921,6
5922,26
5923,48
5924,48
5925,48
5926,48
5927,49
5928,15
5929,0
5930,48
5931,42
5932,48
5933,15
5934,49
5935,39
5936,48
5937,15
5938,32
5939,48
5940,48
5941,48
5942,4
5943,48
5944,48
5945,42
5946,19
5947,27
5948,48
5949,31
5950,48
5951,3
5952,6
5953,48
5954,48
5955,3
5956,17
5957,41
5958,1
5959,42
5960,42
5961,5
5962,37
5963,17
5964,48
5965,22
5966,1
5967,1
5968,5
5969,17
5970,48
5971,48
5972,3
5973,3
5974,30
5975,48
5976,3
5977,39
5978,48
5979,24
5980,3
5981,17
5982,48
5983,3
5984,48
5985,48
5986,48
5987,48
5988,1
5989,48
5990,48
5991,48
5992,48
5993,15
5994,16
5995,3
5996,9
5997,3
5998,1
5999,48
6000,48
6001,48
6002,37
6003,48
6004,22
6005,9
6006,6
6007,48
6008,3
6009,3
6010,48
6011,48
6012,1
6013,32
6014,48
6015,48
6016,48
6017,22
6018,48
6019,48
6020,6
6021,48
6022,48
6023,46
6024,5
6025,48
6026,48
6027,15
6028,48
6029,9
6030,45
6031,26
6032,32
6033,48
6034,4
6035,32
6036,48
6037,3
6038,3
6039,48
6040,48
6041,37
6042,48
6043,3
6044,15
6045,31
6046,4
6047,48
6048,5
6049,17
6050,48
6051,17
6052,19
6053,48
6054,45
6055,48
6056,3
6057,17
6058,41
6059,43
6060,42
6061,6
6062,17
6063,48
6064,48
6065,5
6066,48
6067,5
6068,48
6069,1
6070,9
6071,3
6072,11
6073,5
6074,39
6075,48
6076,48
6077,15
6078,48
6079,48
6080,48
6081,41
6082,35
6083,9
6084,17
6085,27
6086,48
6087,48
6088,48
6089,48
6090,19
6091,27
6092,17
6093,15
6094,19
6095,3
6096,48
6097,48
6098,48
6099,48
6100,4
6101,27
6102,1
6103,46
6104,48
6105,48
6106,48
6107,15
6108,3
6109,31
6110,3
6111,42
6112,48
6113,15
6114,48
6115,48
6116,1
6117,48
6118,31
6119,48
6120,42
6121,3
6122,15
6123,44
6124,48
6125,27
6126,17
6127,48
6128,48
6129,27
6130,48
6131,16
6132,1
6133,48
6134,32
6135,0
6136,48
6137,22
6138,48
6139,3
6140,41
6141,48
6142,49
6143,48
6144,48
6145,48
6146,5
6147,31
6148,5
6149,16
6150,48
6151,48
6152,48
6153,48
6154,19
6155,48
6156,0
6157,27
6158,42
6159,9
6160,48
6161,22
6162,15
6163,3
6164,32
6165,17
6166,45
6167,48
6168,48
6169,48
6170,45
6171,5
6172,4
6173,48
6174,17
6175,17
6176,17
6177,48
6178,48
6179,31
6180,48
6181,31
6182,48
6183,48
6184,48
6185,48
6186,48
6187,48
6188,0
6189,48
6190,48
6191,4
6192,17
6193,48
6194,48
6195,0
6196,42
6197,15
6198,42
6199,39
6200,48
6201,1
6202,15
6203,48
6204,48
6205,31
6206,24
6207,48
6208,19
6209,48
6210,48
6211,1
6212,48
6213,48
6214,17
6215,48
6216,48
6217,27
6218,3
6219,3
6220,24
6221,48
6222,48
6223,48
6224,22
6225,48
6226,7
6227,17
6228,48
6229,19
6230,48
6231,3
6232,48
6233,17
6234,48
6235,48
6236,32
6237,6
6238,1
6239,48
6240,32
6241,48
6242,48
6243,6
6244,48
6245,41
6246,37
6247,11
6248,41
6249,48
6250,1
6251,48
6252,45
6253,27
6254,30
6255,48
6256,48
6257,32
6258,48
6259,48
6260,48
6261,48
6262,48
6263,16
6264,35
6265,48
6266,48
6267,37
6268,48
6269,31
6270,48
6271,48
6272,16
6273,48
6274,48
6275,41
6276,0
6277,42
6278,48
6279,3
6280,48
6281,48
6282,48
6283,15
6284,48
6285,32
6286,6
6287,30
6288,48
6289,42
6290,37
6291,42
6292,48
6293,6
6294,42
6295,32
6296,48
6297,5
6298,48
6299,48
6300,17
6301,3
6302,17
6303,27
6304,23
6305,48
6306,48
6307,30
6308,17
6309,32
6310,5
6311,42
6312,26
6313,27
6314,48
6315,48
6316,15
6317,24
6318,17
6319,32
6320,48
6321,42
6322,3
6323,32
6324,48
6325,48
6326,42
6327,44
6328,1
6329,48
6330,17
6331,31
6332,48
6333,48
6334,48
6335,48
6336,48
6337,48
6338,17
6339,17
6340,0
6341,48
6342,48
6343,48
6344,48
6345,48
6346,49
6347,49
6348,48
6349,48
6350,19
6351,15
6352,0
6353,48
6354,15
6355,44
6356,48
6357,41
6358,15
6359,48
6360,19
6361,48
6362,15
6363,43
6364,31
6365,3
6366,48
6367,48
6368,48
6369,17
6370,17
6371,7
6372,15
6373,3
6374,48
6375,17
6376,42
6377,5
6378,3
6379,48
6380,15
6381,31
6382,27
6383,17
6384,3
6385,48
6386,17
6387,48
6388,48
6389,42
6390,32
6391,41
6392,9
6393,48
6394,17
6395,48
6396,17
6397,48
6398,42
6399,17
6400,17
6401,45
6402,48
6403,39
6404,3
6405,15
6406,5
6407,48
6408,48
6409,32
6410,48
6411,3
6412,3
6413,41
6414,48
6415,3
6416,42
6417,48
6418,7
6419,42
6420,45
6421,18
6422,4
6423,48
6424,42
6425,48
6426,48
6427,48
6428,48
6429,1
6430,48
6431,48
6432,27
6433,41
6434,17
6435,3
6436,26
6437,7
6438,48
6439,48
6440,48
6441,27
6442,48
6443,48
6444,48
6445,17
6446,48
6447,41
6448,17
6449,48
6450,3
6451,17
6452,48
6453,41
6454,3
6455,48
6456,32
6457,48
6458,48
6459,15
6460,5
6461,48
6462,4
6463,42
6464,48
6465,48
6466,48
6467,48
6468,48
6469,48
6470,22
6471,48
6472,48
6473,9
6474,49
6475,41
6476,32
6477,41
6478,48
6479,48
6480,16
6481,17
6482,1
6483,49
6484,17
6485,15
6486,48
6487,48
6488,48
6489,45
6490,49
6491,48
6492,37
6493,15
6494,48
6495,48
6496,17
6497,3
6498,26
6499,1
6500,48
6501,5
6502,42
6503,1
6504,9
6505,15
6506,4
6507,6
6508,1
6509,30
6510,48
6511,48
6512,48
6513,7
6514,48
6515,46
6516,48
6517,1
6518,49
6519,37
6520,5
6521,6
6522,48
6523,5
6524,15
6525,3
6526,32
6527,45
6528,49
6529,17
6530,48
6531,3
6532,15
6533,12
6534,27
6535,17
6536,48
6537,45
6538,3
6539,22
6540,48
6541,48
6542,3
6543,48
6544,27
6545,37
6546,48
6547,17
6548,27
6549,40
6550,48
6551,48
6552,48
6553,17
6554,49
6555,26
6556,48
6557,0
6558,48
6559,48
6560,19
6561,48
6562,48
6563,48
6564,15
6565,6
6566,15
6567,48
6568,1
6569,19
6570,42
6571,31
6572,17
6573,48
6574,15
6575,1
6576,48
6577,48
6578,0
6579,15
6580,27
6581,48
6582,48
6583,48
6584,5
6585,48
6586,1
6587,48
6588,48
6589,49
6590,17
6591,15
6592,17
6593,15
6594,48
6595,48
6596,3
6597,48
6598,48
6599,48
6600,41
6601,15
6602,48
6603,30
6604,48
6605,49
6606,30
6607,48
6608,17
6609,0
6610,48
6611,48
6612,16
6613,15
6614,48
6615,5
6616,48
6617,48
6618,40
6619,48
6620,0
6621,15
6622,17
6623,48
6624,32
6625,0
6626,48
6627,1
6628,41
6629,17
6630,48
6631,48
6632,48
6633,48
6634,5
6635,15
6636,48
6637,48
6638,18
6639,48
6640,48
6641,3
6642,48
6643,48
6644,42
6645,17
6646,15
6647,48
6648,43
6649,48
6650,3
6651,44
6652,37
6653,48
6654,0
6655,31
6656,27
6657,6
6658,48
6659,42
6660,32
6661,6
6662,42
6663,41
6664,3
6665,27
6666,20
6667,48
6668,48
6669,17
6670,31
6671,48
6672,30
6673,3
6674,3
6675,48
6676,48
6677,48
6678,31
6679,17
6680,17
6681,1
6682,48
6683,7
6684,42
6685,48
6686,48
6687,48
6688,48
6689,30
6690,48
6691,19
6692,44
6693,48
6694,48
6695,15
6696,48
6697,17
6698,5
6699,48
6700,31
6701,48
6702,43
6703,48
6704,48
6705,4
6706,48
6707,31
6708,48
6709,48
6710,17
6711,48
6712,27
6713,48
6714,48
6715,27
6716,3
6717,48
6718,48
6719,48
6720,37
6721,3
6722,48
6723,32
6724,48
6725,48
6726,1
6727,27
6728,48
6729,39
6730,9
6731,42
6732,48
6733,3
6734,48
6735,48
6736,49
6737,32
6738,26
6739,48
6740,17
6741,0
6742,48
6743,31
6744,32
6745,48
6746,11
6747,48
6748,48
6749,48
6750,48
6751,22
6752,7
6753,48
6754,3
6755,48
6756,27
6757,48
6758,48
6759,45
6760,42
6761,48
6762,42
6763,17
6764,48
6765,48
6766,48
6767,48
6768,48
6769,48
6770,45
6771,48
6772,15
6773,48
6774,48
6775,17
6776,49
6777,49
6778,31
6779,6
6780,0
6781,0
6782,3
6783,48
6784,48
6785,48
6786,32
6787,48
6788,48
6789,27
6790,22
6791,48
6792,48
6793,45
6794,48
6795,48
6796,48
6797,27
6798,42
6799,48
6800,5
6801,48
6802,15
6803,42
6804,1
6805,3
6806,48
6807,48
6808,6
6809,48
6810,48
6811,17
6812,6
6813,17
6814,48
6815,7
6816,42
6817,6
6818,48
6819,48
6820,49
6821,16
6822,4
6823,48
6824,15
6825,15
6826,17
6827,48
6828,48
6829,48
6830,31
6831,42
6832,17
6833,31
6834,42
6835,15
6836,48
6837,7
6838,48
6839,31
6840,48
6841,27
6842,49
6843,15
6844,44
6845,16
6846,48
6847,48
6848,17
6849,48
6850,42
6851,48
6852,32
6853,27
6854,1
6855,48
6856,15
6857,5
6858,7
6859,44
6860,41
6861,48
6862,17
6863,27
6864,48
6865,48
6866,1
6867,32
6868,40
6869,5
6870,3
6871,48
6872,48
6873,9
6874,17
6875,17
6876,48
6877,5
6878,9
6879,3
6880,31
6881,48
6882,19
6883,4
6884,3
6885,3
6886,42
6887,26
6888,48
6889,48
6890,48
6891,24
6892,31
6893,45
6894,10
6895,17
6896,42
6897,48
6898,27
6899,16
6900,48
6901,17
6902,48
6903,39
6904,48
6905,5
6906,27
6907,0
6908,31
6909,48
6910,3
6911,4
6912,15
6913,48
6914,48
6915,42
6916,48
6917,3
6918,5
6919,17
6920,48
6921,3
6922,15
6923,1
6924,5
6925,48
6926,40
6927,19
6928,48
6929,42
6930,42
6931,48
6932,48
6933,3
6934,42
6935,42
6936,45
6937,43
6938,17
6939,3
6940,1
6941,17
6942,48
6943,48
6944,48
6945,22
6946,48
6947,17
6948,5
6949,48
6950,30
6951,48
6952,17
6953,48
6954,48
6955,15
6956,44
6957,48
6958,48
6959,17
6960,45
6961,17
6962,15
6963,3
6964,48
6965,42
6966,48
6967,32
6968,45
6969,3
6970,16
6971,48
6972,31
6973,27
6974,1
6975,48
6976,3
6977,46
6978,15
6979,45
6980,5
6981,49
6982,15
6983,48
6984,48
6985,48
6986,48
6987,17
6988,48
6989,26
6990,27
6991,48
6992,15
6993,48
6994,1
6995,32
6996,45
6997,48
6998,48
6999,32
7000,48
7001,3
7002,44
7003,0
7004,48
7005,31
7006,48
7007,48
7008,17
7009,17
7010,15
7011,48
7012,12
7013,5
7014,48
7015,3
7016,45
7017,48
7018,48
7019,48
7020,17
7021,22
7022,48
7023,3
7024,15
7025,32
7026,48
7027,48
7028,11
7029,48
7030,42
7031,48
7032,24
7033,17
7034,32
7035,3
7036,48
7037,32
7038,48
7039,48
7040,40
7041,48
7042,48
7043,48
7044,11
7045,48
7046,48
7047,17
7048,1
7049,48
7050,48
7051,45
7052,0
7053,26
7054,48
7055,16
7056,5
7057,5
7058,44
7059,16
7060,48
7061,0
7062,32
7063,3
7064,48
7065,41
7066,32
7067,15
7068,48
7069,17
7070,4
7071,39
7072,17
7073,5
7074,48
7075,48
7076,16
7077,3
7078,26
7079,48
7080,15
7081,3
7082,31
7083,26
7084,49
7085,48
7086,27
7087,3
7088,48
7089,48
7090,45
7091,32
7092,4
7093,48
7094,48
7095,48
7096,48
7097,19
7098,48
7099,1
7100,48
7101,48
7102,48
7103,48
7104,48
7105,48
7106,17
7107,49
7108,4
7109,48
7110,48
7111,27
7112,0
7113,15
7114,9
7115,17
7116,40
7117,48
7118,48
7119,48
7120,15
7121,15
7122,42
7123,6
7124,19
7125,27
7126,48
7127,22
7128,27
7129,48
7130,48
7131,19
7132,17
7133,11
7134,3
7135,48
7136,27
7137,31
7138,1
7139,48
7140,0
7141,48
7142,48
7143,3
7144,48
7145,48
7146,48
7147,3
7148,48
7149,48
7150,48
7151,48
7152,3
7153,22
7154,48
7155,26
7156,48
7157,44
7158,48
7159,42
7160,48
7161,17
7162,49
7163,5
7164,48
7165,3
7166,3
7167,4
7168,1
7169,17
7170,48
7171,3
7172,48
7173,48
7174,32
7175,32
7176,49
7177,49
7178,24
7179,48
7180,45
7181,1
7182,15
7183,48
7184,48
7185,48
7186,15
7187,48
7188,17
7189,1
7190,44
7191,15
7192,19
7193,24
7194,48
7195,48
7196,42
7197,32
7198,3
7199,30
7200,15
7201,48
7202,42
7203,17
7204,3
7205,42
7206,48
7207,10
7208,3
7209,48
7210,48
7211,48
7212,48
7213,5
7214,15
7215,3
7216,27
7217,42
7218,48
7219,17
7220,16
7221,17
7222,48
7223,48
7224,17
7225,48
7226,48
7227,17
7228,43
7229,44
7230,48
7231,48
7232,3
7233,48
7234,42
7235,48
7236,48
7237,48
7238,15
7239,48
7240,3
7241,48
7242,48
7243,5
7244,48
7245,5
7246,27
7247,48
7248,3
7249,32
7250,48
7251,17
7252,48
7253,3
7254,0
7255,48
7256,48
7257,41
7258,31
7259,48
7260,3
7261,48
7262,48
7263,17
7264,24
7265,48
7266,17
7267,48
7268,45
7269,9
7270,17
7271,48
7272,27
7273,48
7274,48
7275,48
7276,3
7277,17
7278,15
7279,3
7280,48
7281,3
7282,27
7283,17
7284,48
7285,0
7286,41
7287,48
7288,48
7289,46
7290,48
7291,48
7292,42
7293,48
7294,1
7295,0
7296,3
7297,27
7298,48
7299,41
7300,48
7301,5
7302,3
7303,5
7304,48
7305,42
7306,48
7307,9
7308,49
7309,7
7310,48
7311,48
7312,26
7313,9
7314,19
7315,32
7316,41
7317,27
7318,17
7319,48
7320,48
7321,48
7322,48
7323,42
7324,1
7325,6
7326,18
7327,45
7328,48
7329,48
7330,45
7331,0
7332,27
7333,48
7334,27
7335,48
7336,48
7337,48
7338,1
7339,4
7340,6
7341,9
7342,48
7343,48
7344,0
7345,15
7346,0
7347,48
7348,15
7349,48
7350,48
7351,19
7352,48
7353,48
7354,48
7355,17
7356,31
7357,3
7358,31
7359,17
7360,48
7361,15
7362,22
7363,45
7364,48
7365,48
7366,32
7367,22
7368,49
7369,48
7370,48
7371,48
7372,15
7373,48
7374,48
7375,48
7376,45
7377,40
7378,15
7379,15
7380,3
7381,42
7382,1
7383,49
7384,3
7385,48
7386,17
7387,49
7388,48
7389,48
7390,5
7391,48
7392,48
7393,40
7394,15
7395,44
7396,1
7397,3
7398,19
7399,0
7400,48
7401,48
7402,15
7403,48
7404,37
7405,48
7406,48
7407,42
7408,32
7409,48
7410,40
7411,42
7412,15
7413,48
7414,3
7415,48
7416,0
7417,3
7418,48
7419,41
7420,42
7421,48
7422,9
7423,9
7424,48
7425,27
7426,22
7427,48
7428,48
7429,48
7430,5
7431,48
7432,49
7433,17
7434,16
7435,32
7436,48
7437,12
7438,5
7439,32
7440,5
7441,48
7442,48
7443,31
7444,17
7445,31
7446,17
7447,48
7448,9
7449,48
7450,31
7451,1
7452,23
7453,16
7454,48
7455,3
7456,49
7457,17
7458,15
7459,48
7460,27
7461,16
7462,48
7463,41
7464,3
7465,26
7466,48
7467,48
7468,16
7469,0
7470,48
7471,17
7472,49
7473,42
7474,17
7475,48
7476,48
7477,49
7478,41
7479,48
7480,3
7481,27
7482,3
7483,27
7484,27
7485,48
7486,48
7487,17
7488,22
7489,15
7490,48
7491,48
7492,3
7493,48
7494,19
7495,48
7496,48
7497,49
7498,48
7499,48
7500,3
7501,3
7502,48
7503,17
7504,17
7505,48
7506,15
7507,48
7508,0
7509,19
7510,48
7511,17
7512,7
7513,17
7514,3
7515,48
7516,27
7517,9
7518,48
7519,48
7520,48
7521,48
7522,48
7523,3
7524,48
7525,48
7526,48
7527,15
7528,1
7529,41
7530,42
7531,48
7532,46
7533,48
7534,41
7535,32
7536,48
7537,4
7538,42
7539,41
7540,3
7541,48
7542,26
7543,48
7544,4
7545,48
7546,48
7547,48
7548,4
7549,17
7550,48
7551,48
7552,48
7553,48
7554,48
7555,1
7556,19
7557,26
7558,48
7559,32
7560,37
7561,5
7562,22
7563,48
7564,0
7565,3
7566,27
7567,46
7568,48
7569,15
7570,48
7571,48
7572,9
7573,42
7574,4
7575,10
7576,31
7577,48
7578,15
7579,48
7580,0
7581,0
7582,48
7583,3
7584,15
7585,49
7586,4
7587,16
7588,48
7589,0
7590,15
7591,17
7592,48
7593,41
7594,32
7595,15
7596,17
7597,48
7598,31
7599,48
7600,48
7601,48
7602,1
7603,42
7604,48
7605,49
7606,48
7607,48
7608,22
7609,32
7610,41
7611,48
7612,48
7613,48
7614,26
7615,48
7616,1
7617,44
7618,45
7619,9
7620,26
7621,17
7622,48
7623,15
7624,48
7625,48
7626,48
7627,48
7628,48
7629,48
7630,26
7631,48
7632,18
7633,0
7634,48
7635,45
7636,0
7637,3
7638,48
7639,9
7640,17
7641,48
7642,17
7643,30
7644,48
7645,27
7646,17
7647,3
7648,9
7649,27
7650,48
7651,48
7652,15
7653,48
7654,3
7655,48
7656,48
7657,3
7658,48
7659,5
7660,0
7661,3
7662,42
7663,1
7664,5
7665,3
7666,16
7667,48
7668,49
7669,48
7670,42
7671,48
7672,39
7673,44
7674,17
7675,48
7676,48
7677,32
7678,30
7679,45
7680,15
7681,48
7682,48
7683,27
7684,31
7685,3
7686,4
7687,42
7688,26
7689,48
7690,48
7691,48
7692,48
7693,31
7694,9
7695,42
7696,42
7697,27
7698,17
7699,3
7700,17
7701,48
7702,26
7703,48
7704,15
7705,48
7706,48
7707,15
7708,3
7709,48
7710,49
7711,48
7712,15
7713,7
7714,45
7715,42
7716,15
7717,27
7718,17
7719,42
7720,49
7721,48
7722,17
7723,48
7724,48
7725,48
7726,16
7727,19
7728,3
7729,48
7730,6
7731,48
7732,48
7733,48
7734,17
7735,31
7736,15
7737,11
7738,48
7739,48
7740,3
7741,5
7742,35
7743,31
7744,48
7745,0
7746,48
7747,41
7748,48
7749,48
7750,41
7751,41
7752,17
7753,31
7754,48
7755,17
7756,3
7757,3
7758,48
7759,3
7760,26
7761,7
7762,9
7763,48
7764,5
7765,48
7766,48
7767,39
7768,48
7769,48
7770,0
7771,48
7772,42
7773,48
7774,17
7775,1
7776,48
7777,32
7778,48
7779,48
7780,48
7781,19
7782,31
7783,41
7784,3
7785,32
7786,17
7787,42
7788,4
7789,48
7790,48
7791,48
7792,48
7793,15
7794,1
7795,48
7796,5
7797,48
7798,26
7799,48
7800,49
7801,48
7802,48
7803,45
7804,15
7805,24
7806,48
7807,46
7808,3
7809,45
7810,48
7811,48
7812,0
7813,48
7814,48
7815,48
7816,3
7817,48
7818,4
7819,6
7820,48
7821,27
7822,48
7823,17
7824,48
7825,27
7826,17
7827,31
7828,48
7829,48
7830,39
7831,48
7832,5
7833,48
7834,48
7835,48
7836,49
7837,48
7838,17
7839,42
7840,15
7841,48
7842,15
7843,5
7844,5
7845,48
7846,48
7847,48
7848,48
7849,48
7850,48
7851,3
7852,41
7853,48
7854,27
7855,17
7856,15
7857,37
7858,48
7859,17
7860,4
7861,3
7862,48
7863,48
7864,15
7865,32
7866,49
7867,42
7868,9
7869,30
7870,41
7871,24
7872,0
7873,17
7874,15
7875,48
7876,4
7877,48
7878,48
7879,48
7880,5
7881,3
7882,48
7883,48
7884,16
7885,48
7886,42
7887,42
7888,48
7889,48
7890,17
7891,39
7892,15
7893,48
7894,15
7895,3
7896,48
7897,19
7898,27
7899,48
7900,48
7901,32
7902,26
7903,17
7904,48
7905,15
7906,40
7907,48
7908,0
7909,17
7910,48
7911,39
7912,15
7913,0
7914,27
7915,4
7916,48
7917,20
7918,48
7919,48
7920,42
7921,48
7922,1
7923,31
7924,42
7925,17
7926,15
7927,48
7928,48
7929,16
7930,48
7931,17
7932,1
7933,48
7934,9
7935,48
7936,32
7937,48
7938,48
7939,23
7940,6
7941,27
7942,44
7943,4
7944,32
7945,48
7946,9
7947,41
7948,48
7949,9
7950,48
7951,48
7952,15
7953,48
7954,48
7955,0
7956,48
7957,42
7958,48
7959,48
7960,48
7961,46
7962,48
7963,15
7964,11
7965,48
7966,48
7967,3
7968,41
7969,15
7970,5
7971,5
7972,27
7973,0
7974,48
7975,41
7976,48
7977,48
7978,48
7979,48
7980,1
7981,31
7982,16
7983,39
7984,0
7985,48
7986,48
7987,48
7988,48
7989,48
7990,48
7991,1
7992,16
7993,41
7994,48
7995,27
7996,32
7997,48
7998,48
7999,48
8000,41
8001,41
8002,48
8003,32
8004,48
8005,41
8006,48
8007,48
8008,48
8009,17
8010,5
8011,48
8012,48
8013,49
8014,48
8015,48
8016,42
8017,48
8018,48
8019,3
8020,48
8021,48
8022,6
8023,31
8024,7
8025,15
8026,39
8027,16
8028,3
8029,3
8030,11
8031,6
8032,19
8033,48
8034,48
8035,48
8036,48
8037,15
8038,39
8039,19
8040,48
8041,41
8042,22
8043,27
8044,12
8045,48
8046,48
8047,48
8048,48
8049,48
8050,48
8051,19
8052,48
8053,26
8054,44
8055,10
8056,48
8057,48
8058,48
8059,3
8060,46
8061,30
8062,41
8063,27
8064,41
8065,16
8066,48
8067,26
8068,27
8069,48
8070,27
8071,12
8072,37
8073,48
8074,48
8075,48
8076,48
8077,48
8078,27
8079,41
8080,48
8081,42
8082,15
8083,5
8084,48
8085,48
8086,17
8087,48
8088,22
8089,48
8090,17
8091,48
8092,48
8093,48
8094,48
8095,48
8096,48
8097,48
8098,48
8099,48
8100,48
8101,48
8102,31
8103,3
8104,17
8105,17
8106,48
8107,37
8108,48
8109,48
8110,48
8111,48
8112,48
8113,45
8114,7
8115,48
8116,17
8117,48
8118,42
8119,26
8120,48
8121,7
8122,1
8123,48
8124,48
8125,48
8126,6
8127,45
8128,31
8129,48
8130,17
8131,5
8132,3
8133,39
8134,48
8135,48
8136,48
8137,0
8138,48
8139,39
8140,31
8141,48
8142,48
8143,41
8144,1
8145,48
8146,48
8147,48
8148,48
8149,0
8150,48
8151,30
8152,26
8153,5
8154,48
8155,49
8156,48
8157,26
8158,17
8159,17
8160,48
8161,48
8162,3
8163,40
8164,48
8165,48
8166,48
8167,42
8168,48
8169,0
8170,41
8171,41
8172,48
8173,44
8174,48
8175,0
8176,42
8177,15
8178,11
8179,17
8180,17
8181,39
8182,48
8183,48
8184,48
8185,31
8186,48
8187,48
8188,37
8189,9
8190,15
8191,48
8192,42
8193,48
8194,48
8195,27
8196,3
8197,42
8198,48
8199,15
8200,42
8201,27
8202,48
8203,48
8204,41
8205,48
8206,1
8207,48
8208,48
8209,48
8210,39
8211,48
8212,42
8213,42
8214,6
8215,48
8216,48
8217,27
8218,41
8219,4
8220,17
8221,22
8222,9
8223,42
8224,48
8225,9
8226,42
8227,30
8228,17
8229,48
8230,48
8231,48
8232,23
8233,1
8234,48
8235,9
8236,48
8237,48
8238,32
8239,48
8240,48
8241,48
8242,15
8243,42
8244,42
8245,48
8246,17
8247,15
8248,17
8249,48
8250,6
8251,48
8252,27
8253,48
8254,16
8255,48
8256,48
8257,48
8258,48
8259,27
8260,45
8261,48
8262,39
8263,37
8264,17
8265,42
8266,1
8267,41
8268,27
8269,1
8270,27
8271,48
8272,48
8273,31
8274,32
8275,32
8276,24
8277,48
8278,41
8279,17
8280,44
8281,48
8282,48
8283,31
8284,41
8285,48
8286,3
8287,48
8288,48
8289,48
8290,48
8291,42
8292,41
8293,49
8294,48
8295,44
8296,19
8297,48
8298,45
8299,4
8300,48
8301,19
8302,48
8303,16
8304,17
8305,27
8306,48
8307,3
8308,6
8309,48
8310,3
8311,48
8312,48
8313,42
8314,3
8315,48
8316,48
8317,48
8318,32
8319,48
8320,48
8321,48
8322,48
8323,48
8324,3
8325,3
8326,23
8327,48
8328,11
8329,48
8330,17
8331,48
8332,31
8333,3
8334,22
8335,31
8336,44
8337,48
8338,45
8339,9
8340,48
8341,4
8342,48
8343,48
8344,49
8345,48
8346,48
8347,46
8348,3
8349,48
8350,49
8351,48
8352,48
8353,48
8354,48
8355,27
8356,15
8357,48
8358,45
8359,48
8360,48
8361,48
8362,3
8363,17
8364,48
8365,48
8366,12
8367,31
8368,27
8369,48
8370,42
8371,48
8372,19
8373,15
8374,17
8375,0
8376,0
8377,48
8378,48
8379,32
8380,15
8381,17
8382,48
8383,48
8384,27
8385,24
8386,17
8387,48
8388,48
8389,48
8390,48
8391,22
8392,27
8393,17
8394,48
8395,15
8396,39
8397,15
8398,48
8399,41
8400,49
8401,48
8402,35
8403,48
8404,48
8405,48
8406,48
8407,32
8408,6
8409,42
8410,48
8411,5
8412,48
8413,42
8414,7
8415,17
8416,39
8417,17
8418,32
8419,19
8420,48
8421,16
8422,17
8423,48
8424,48
8425,48
8426,27
8427,48
8428,17
8429,1
8430,48
8431,5
8432,48
8433,15
8434,15
8435,48
8436,48
8437,48
8438,22
8439,26
8440,5
8441,3
8442,17
8443,3
8444,15
8445,17
8446,48
8447,1
8448,3
8449,48
8450,48
8451,48
8452,26
8453,48
8454,42
8455,48
8456,17
8457,48
8458,19
8459,22
8460,15
8461,48
8462,3
8463,48
8464,48
8465,1
8466,22
8467,31
8468,48
8469,37
8470,45
8471,17
8472,5
8473,48
8474,48
8475,3
8476,46
8477,48
8478,3
8479,48
8480,5
8481,48
8482,4
8483,48
8484,42
8485,48
8486,48
8487,17
8488,27
8489,48
8490,48
8491,48
8492,45
8493,48
8494,15
8495,49
8496,17
8497,48
8498,17
8499,15
8500,17
8501,48
8502,48
8503,3
8504,22
8505,15
8506,48
8507,48
8508,3
8509,15
8510,48
8511,11
8512,48
8513,49
8514,48
8515,48
8516,48
8517,15
8518,15
8519,48
8520,17
8521,0
8522,48
8523,49
8524,32
8525,32
8526,48
8527,17
8528,17
8529,3
8530,27
8531,27
8532,31
8533,45
8534,48
8535,31
8536,15
8537,45
8538,48
8539,3
8540,3
8541,48
8542,42
8543,3
8544,31
8545,1
8546,48
8547,48
8548,48
8549,5
8550,48
8551,48
8552,1
8553,41
8554,48
8555,9
8556,42
8557,3
8558,42
8559,31
8560,48
8561,48
8562,48
8563,15
8564,3
8565,48
8566,48
8567,6
8568,48
8569,3
8570,48
8571,48
8572,40
8573,15
8574,48
8575,35
8576,48
8577,3
8578,15
8579,15
8580,5
8581,48
8582,27
8583,48
8584,31
8585,32
8586,48
8587,48
8588,5
8589,48
8590,42
8591,48
8592,48
8593,39
8594,15
8595,48
8596,37
8597,48
8598,48
8599,48
8600,7
8601,48
8602,48
8603,5
8604,48
8605,3
8606,48
8607,41
8608,42
8609,48
8610,32
8611,17
8612,42
8613,48
8614,27
8615,48
8616,48
8617,48
8618,9
8619,48
8620,3
8621,17
8622,48
8623,27
8624,48
8625,31
8626,48
8627,44
8628,48
8629,48
8630,48
8631,31
8632,48
8633,48
8634,44
8635,48
8636,3
8637,41
8638,41
8639,48
8640,48
8641,16
8642,4
8643,3
8644,31
8645,17
8646,32
8647,48
8648,1
8649,32
8650,48
8651,48
8652,3
8653,37
8654,32
8655,17
8656,27
8657,15
8658,48
8659,17
8660,48
8661,48
8662,49
8663,11
8664,48
8665,4
8666,17
8667,4
8668,48
8669,48
8670,48
8671,39
8672,45
8673,48
8674,48
8675,30
8676,48
8677,31
8678,15
8679,48
8680,17
8681,26
8682,17
8683,49
8684,45
8685,48
8686,48
8687,48
8688,15
8689,17
8690,5
8691,48
8692,31
8693,48
8694,11
8695,48
8696,48
8697,32
8698,5
8699,27
8700,48
8701,32
8702,27
8703,48
8704,48
8705,27
8706,48
8707,45
8708,48
8709,17
8710,31
8711,48
8712,48
8713,32
8714,48
8715,48
8716,48
8717,32
8718,6
8719,17
8720,48
8721,15
8722,26
8723,1
8724,17
8725,17
8726,39
8727,5
8728,27
8729,48
8730,9
8731,48
8732,27
8733,48
8734,22
8735,48
8736,27
8737,48
8738,26
8739,3
8740,9
8741,48
8742,27
8743,46
8744,16
8745,3
8746,15
8747,17
8748,3
8749,48
8750,48
8751,31
8752,42
8753,45
8754,48
8755,48
8756,3
8757,3
8758,5
8759,48
8760,48
8761,48
8762,17
8763,48
8764,48
8765,3
8766,31
8767,27
8768,48
8769,48
8770,3
8771,48
8772,41
8773,48
8774,15
8775,3
8776,15
8777,27
8778,15
8779,48
8780,15
8781,48
8782,7
8783,4
8784,48
8785,48
8786,17
8787,17
8788,3
8789,31
8790,48
8791,39
8792,15
8793,48
8794,32
8795,45
8796,48
8797,42
8798,17
8799,48
8800,48
8801,48
8802,11
8803,48
8804,17
8805,48
8806,4
8807,45
8808,48
8809,48
8810,46
8811,27
8812,7
8813,48
8814,48
8815,48
8816,48
8817,48
8818,4
8819,48
8820,27
8821,48
8822,17
8823,48
8824,48
8825,48
8826,17
8827,48
8828,48
8829,31
8830,17
8831,1
8832,41
8833,48
8834,15
8835,48
8836,19
8837,48
8838,1
8839,3
8840,48
8841,48
8842,32
8843,48
8844,0
8845,48
8846,48
8847,17
8848,48
8849,48
8850,26
8851,48
8852,15
8853,3
8854,31
8855,42
8856,48
8857,48
8858,22
8859,48
8860,48
8861,11
8862,9
8863,3
8864,3
8865,48
8866,48
8867,41
8868,48
8869,48
8870,17
8871,48
8872,6
8873,48
8874,42
8875,27
8876,48
8877,48
8878,48
8879,37
8880,48
8881,15
8882,48
8883,39
8884,41
8885,9
8886,17
8887,15
8888,17
8889,27
8890,42
8891,48
8892,48
8893,4
8894,48
8895,48
8896,48
8897,16
8898,17
8899,48
8900,48
8901,30
8902,42
8903,48
8904,27
8905,48
8906,26
8907,48
8908,32
8909,48
8910,31
8911,17
8912,48
8913,0
8914,48
8915,48
8916,31
8917,48
8918,48
8919,3
8920,3
8921,41
8922,31
8923,48
8924,48
8925,48
8926,15
8927,48
8928,48
8929,48
8930,31
8931,40
8932,4
8933,48
8934,32
8935,48
8936,48
8937,48
8938,35
8939,48
8940,17
8941,3
8942,5
8943,1
8944,48
8945,48
8946,46
8947,40
8948,26
8949,16
8950,46
8951,17
8952,31
8953,48
8954,42
8955,7
8956,41
8957,49
8958,48
8959,41
8960,32
8961,48
8962,42
8963,32
8964,3
8965,10
8966,17
8967,44
8968,17
8969,48
8970,48
8971,39
8972,42
8973,3
8974,17
8975,7
8976,49
8977,49
8978,17
8979,44
8980,48
8981,17
8982,49
8983,10
8984,48
8985,48
8986,48
8987,41
8988,3
8989,4
8990,44
8991,27
8992,48
8993,48
8994,48
8995,45
8996,44
8997,41
8998,48
8999,22
9000,3
9001,48
9002,48
9003,15
9004,5
9005,48
9006,27
9007,48
9008,5
9009,48
9010,48
9011,48
9012,37
9013,15
9014,46
9015,48
9016,27
9017,49
9018,48
9019,26
9020,48
9021,11
9022,32
9023,1
9024,48
9025,48
9026,31
9027,3
9028,48
9029,20
9030,48
9031,17
9032,48
9033,17
9034,46
9035,5
9036,48
9037,48
9038,9
9039,48
9040,22
9041,48
9042,27
9043,3
9044,48
9045,48
9046,39
9047,46
9048,48
9049,27
9050,15
9051,48
9052,24
9053,3
9054,17
9055,48
9056,17
9057,48
9058,22
9059,19
9060,42
9061,26
9062,49
9063,48
9064,48
9065,3
9066,48
9067,3
9068,48
9069,48
9070,1
9071,48
9072,17
9073,48
9074,40
9075,27
9076,32
9077,48
9078,48
9079,48
9080,48
9081,15
9082,0
9083,48
9084,5
9085,32
9086,1
9087,48
9088,1
9089,15
9090,48
9091,48
9092,31
9093,42
9094,48
9095,15
9096,48
9097,48
9098,3
9099,1
9100,46
9101,15
9102,9
9103,19
9104,48
9105,37
9106,24
9107,37
9108,41
9109,15
9110,48
9111,19
9112,46
9113,48
9114,45
9115,5
9116,48
9117,48
9118,19
9119,3
9120,32
9121,9
9122,48
9123,48
9124,3
9125,31
9126,48
9127,9
9128,48
9129,48
9130,17
9131,11
9132,5
9133,48
9134,15
9135,48
9136,24
9137,48
9138,45
9139,48
9140,15
9141,48
9142,48
9143,5
9144,48
9145,48
9146,48
9147,1
9148,17
9149,48
9150,31
9151,17
9152,7
9153,46
9154,4
9155,7
9156,48
9157,48
9158,22
9159,48
9160,48
9161,48
9162,15
9163,31
9164,48
9165,48
9166,48
9167,16
9168,48
9169,48
9170,48
9171,31
9172,41
9173,48
9174,48
9175,32
9176,48
9177,17
9178,48
9179,16
9180,27
9181,15
9182,48
9183,15
9184,48
9185,17
9186,48
9187,48
9188,41
9189,49
9190,48
9191,27
9192,48
9193,3
9194,27
9195,48
9196,48
9197,48
9198,49
9199,48
9200,48
9201,17
9202,48
9203,0
9204,0
9205,48
9206,48
9207,44
9208,48
9209,15
9210,48
9211,48
9212,17
9213,27
9214,48
9215,17
9216,31
9217,4
9218,39
9219,41
9220,45
9221,48
9222,48
9223,15
9224,48
9225,17
9226,16
9227,45
9228,7
9229,48
9230,48
9231,48
9232,17
9233,48
9234,48
9235,48
9236,37
9237,48
9238,48
9239,48
9240,15
9241,48
9242,17
9243,48
9244,5
9245,17
9246,48
9247,17
9248,48
9249,5
9250,48
9251,48
9252,45
9253,0
9254,7
9255,17
9256,48
9257,48
9258,15
9259,45
9260,48
9261,1
9262,19
9263,48
9264,48
9265,42
9266,48
9267,17
9268,48
9269,3
9270,48
9271,42
9272,48
9273,17
9274,27
9275,48
9276,5
9277,48
9278,3
9279,48
9280,32
9281,48
9282,17
9283,27
9284,3
9285,42
9286,1
9287,19
9288,48
9289,48
9290,17
9291,1
9292,48
9293,32
9294,48
9295,3
9296,48
9297,48
9298,5
9299,31
9300,48
9301,48
9302,48
9303,48
9304,48
9305,30
9306,48
9307,3
9308,48
9309,48
9310,40
9311,1
9312,48
9313,48
9314,15
9315,27
9316,6
9317,15
9318,40
9319,48
9320,48
9321,27
9322,19
9323,42
9324,15
9325,48
9326,4
9327,48
9328,45
9329,32
9330,27
9331,48
9332,48
9333,48
9334,48
9335,24
9336,15
9337,18
9338,48
9339,31
9340,6
9341,17
9342,31
9343,48
9344,48
9345,32
9346,48
9347,48
9348,48
9349,48
9350,48
9351,48
9352,16
9353,48
9354,48
9355,48
9356,17
9357,7
9358,3
9359,0
9360,15
9361,41
9362,16
9363,11
9364,4
9365,7
9366,24
9367,48
9368,3
9369,16
9370,16
9371,48
9372,48
9373,17
9374,48
9375,48
9376,7
9377,5
9378,27
9379,48
9380,45
9381,17
9382,48
9383,42
9384,48
9385,4
9386,48
9387,48
9388,42
9389,48
9390,48
9391,17
9392,32
9393,49
9394,48
9395,5
9396,27
9397,48
9398,9
9399,9
9400,16
9401,17
9402,27
9403,17
9404,48
9405,48
9406,26
9407,15
9408,48
9409,37
9410,48
9411,17
9412,17
9413,41
9414,45
9415,17
9416,27
9417,32
9418,48
9419,27
9420,48
9421,48
9422,0
9423,6
9424,24
9425,26
9426,1
9427,42
9428,19
9429,3
9430,32
9431,17
9432,32
9433,48
9434,3
9435,3
9436,16
9437,15
9438,17
9439,48
9440,42
9441,15
9442,48
9443,48
9444,15
9445,48
9446,17
9447,27
9448,48
9449,15
9450,48
9451,3
9452,3
9453,48
9454,48
9455,17
9456,48
9457,48
9458,49
9459,7
9460,48
9461,48
9462,48
9463,3
9464,49
9465,48
9466,24
9467,48
9468,48
9469,27
9470,48
9471,48
9472,3
9473,1
9474,17
9475,48
9476,48
9477,17
9478,1
9479,30
9480,27
9481,7
9482,15
9483,9
9484,19
9485,48
9486,3
9487,48
9488,48
9489,48
9490,1
9491,3
9492,48
9493,31
9494,48
9495,48
9496,42
9497,5
9498,19
9499,48
9500,15
9501,48
9502,48
9503,22
9504,3
9505,48
9506,48
9507,17
9508,41
9509,48
9510,48
9511,3
9512,48
9513,48
9514,48
9515,48
9516,39
9517,11
9518,5
9519,10
9520,3
9521,48
9522,48
9523,48
9524,17
9525,42
9526,27
9527,48
9528,16
9529,32
9530,48
9531,3
9532,9
9533,48
9534,48
9535,15
9536,17
9537,19
9538,48
9539,48
9540,19
9541,46
9542,7
9543,41
9544,17
9545,48
9546,48
9547,16
9548,35
9549,48
9550,48
9551,48
9552,26
9553,48
9554,9
9555,0
9556,1
9557,48
9558,3
9559,48
9560,18
9561,0
9562,48
9563,3
9564,3
9565,27
9566,22
9567,37
9568,31
9569,4
9570,32
9571,3
9572,37
9573,48
9574,48
9575,27
9576,3
9577,16
9578,48
9579,48
9580,48
9581,48
9582,3
9583,22
9584,0
9585,48
9586,44
9587,15
9588,27
9589,48
9590,27
9591,48
9592,15
9593,48
9594,48
9595,31
9596,31
9597,22
9598,48
9599,48
9600,15
9601,41
9602,23
9603,0
9604,48
9605,3
9606,48
9607,27
9608,48
9609,1
9610,16
9611,15
9612,48
9613,48
9614,32
9615,48
9616,48
9617,48
9618,16
9619,17
9620,48
9621,5
9622,16
9623,27
9624,48
9625,48
9626,15
9627,17
9628,48
9629,15
9630,45
9631,27
9632,48
9633,15
9634,48
9635,48
9636,42
9637,1
9638,48
9639,48
9640,15
9641,31
9642,15
9643,44
9644,48
9645,49
9646,39
9647,48
9648,48
9649,3
9650,48
9651,48
9652,17
9653,3
9654,48
9655,17
9656,1
9657,3
9658,48
9659,48
9660,48
9661,5
9662,48
9663,1
9664,7
9665,42
9666,48
9667,31
9668,3
9669,48
9670,26
9671,24
9672,17
9673,48
9674,17
9675,48
9676,15
9677,45
9678,17
9679,27
9680,17
9681,6
9682,41
9683,23
9684,27
9685,5
9686,19
9687,22
9688,39
9689,27
9690,46
9691,48
9692,48
9693,3
9694,3
9695,27
9696,42
9697,3
9698,49
9699,3
9700,48
9701,49
9702,48
9703,17
9704,9
9705,48
9706,3
9707,42
9708,32
9709,48
9710,22
9711,48
9712,48
9713,45
9714,6
9715,48
9716,40
9717,7
9718,48
9719,48
9720,48
9721,26
9722,27
9723,42
9724,39
9725,22
9726,48
9727,48
9728,41
9729,48
9730,32
9731,48
9732,41
9733,48
9734,7
9735,3
9736,48
9737,39
9738,15
9739,3
9740,48
9741,15
9742,3
9743,32
9744,39
9745,31
9746,1
9747,26
9748,27
9749,26
9750,1
9751,48
9752,45
9753,48
9754,31
9755,31
9756,17
9757,32
9758,3
9759,3
9760,48
9761,17
9762,48
9763,48
9764,31
9765,41
9766,42
9767,0
9768,31
9769,3
9770,48
9771,48
9772,48
9773,39
9774,17
9775,48
9776,48
9777,6
9778,17
9779,10
9780,48
9781,48
9782,5
9783,48
9784,17
9785,48
9786,48
9787,27
9788,5
9789,48
9790,48
9791,48
9792,48
9793,17
9794,27
9795,48
9796,48
9797,32
9798,5
9799,48
9800,23
9801,48
9802,48
9803,31
9804,45
9805,40
9806,17
9807,11
9808,9
9809,17
9810,48
9811,48
9812,48
9813,44
9814,3
9815,9
9816,48
9817,15
9818,48
9819,3
9820,19
9821,27
9822,15
9823,42
9824,15
9825,39
9826,45
9827,19
9828,48
9829,17
9830,48
9831,39
9832,37
9833,48
9834,17
9835,39
9836,3
9837,42
9838,48
9839,17
9840,48
9841,1
9842,48
9843,31
9844,48
9845,5
9846,45
9847,46
9848,45
9849,48
9850,27
9851,17
9852,15
9853,42
9854,30
9855,48
9856,48
9857,3
9858,48
9859,31
9860,46
9861,42
9862,42
9863,26
9864,48
9865,48
9866,42
9867,48
9868,48
9869,5
9870,32
9871,48
9872,42
9873,48
9874,48
9875,23
9876,48
9877,48
9878,32
9879,1
9880,48
9881,48
9882,5
9883,48
9884,31
9885,1
9886,32
9887,1
9888,48
9889,15
9890,48
9891,48
9892,48
9893,19
9894,48
9895,48
9896,41
9897,3
9898,48
9899,0
9900,15
9901,48
9902,48
9903,45
9904,48
9905,48
9906,48
9907,4
9908,48
9909,48
9910,17
9911,42
9912,19
9913,48
9914,3
9915,17
9916,48
9917,6
9918,42
9919,6
9920,3
9921,7
9922,27
9923,17
9924,27
9925,48
9926,48
9927,26
9928,48
9929,42
9930,40
9931,48
9932,16
9933,48
9934,17
9935,41
9936,0
9937,48
9938,48
9939,48
9940,48
9941,48
9942,3
9943,44
9944,48
9945,15
9946,15
9947,48
9948,48
9949,48
9950,1
9951,17
9952,48
9953,15
9954,48
9955,3
9956,48
9957,16
9958,27
9959,15
9960,0
9961,15
9962,16
9963,48
9964,48
9965,48
9966,4
9967,27
9968,48
9969,15
9970,17
9971,17
9972,4
9973,48
9974,49
9975,17
9976,3
9977,48
9978,48
9979,48
9980,49
9981,46
9982,48
9983,48
9984,48
9985,48
9986,27
9987,48
9988,48
9989,39
9990,17
9991,17
9992,4
9993,27
9994,48
9995,48
9996,0
9997,15
9998,32
9999,48
